Workbook

Sheet El Retiro
A1: EMPRESA | B1: PPU | C1: INTERNO | D1: TIPO BUS | E1: TIPO FLOTA | F1: MARCA CHASIS | G1: TERMINAL OP | H1: Inicio Operación | K1: Cargo | L1: Nombre
A2: US1 | B2: SHCY11 | C2: 1002 | D2: A2 | E2: FOB | F2: VOLVO | G2: EL RETIRO | H2: 44912 | K2: Jefe de Terminal | L2: Jose Lagunas
A3: US1 | B3: SHCY32 | C3: 1003 | D3: A2 | E3: FOB | F3: VOLVO | G3: EL RETIRO | H3: 44912 | K3: Supervisor de Flota | L3: Giovanni Nicoletti
A4: US1 | B4: SHCY33 | C4: 1004 | D4: A2 | E4: FOB | F4: VOLVO | G4: EL RETIRO | H4: 44912 | K4: Supervisor de Flota | L4: John Santibáñez
A5: US1 | B5: SHCY34 | C5: 1005 | D5: A2 | E5: FOB | F5: VOLVO | G5: EL RETIRO | H5: 44912
A6: US1 | B6: SHCY39 | C6: 1008 | D6: A2 | E6: FR | F6: VOLVO | G6: EL RETIRO | H6: 44912
A7: US1 | B7: SHCY40 | C7: 1009 | D7: A2 | E7: FR | F7: VOLVO | G7: EL RETIRO | H7: 44912
A8: US1 | B8: SHCY46 | C8: 1010 | D8: A2 | E8: FOB | F8: VOLVO | G8: EL RETIRO | H8: 44912
A9: US1 | B9: SHCY47 | C9: 1011 | D9: A2 | E9: FOB | F9: VOLVO | G9: EL RETIRO | H9: 44912 | K9: Bus | L9: Cuenta de MARCA CHASIS
A10: US1 | B10: SHCY49 | C10: 1012 | D10: A2 | E10: FOB | F10: VOLVO | G10: EL RETIRO | H10: 44912 | K10: A2 | L10: 11
A11: US1 | B11: SHCY50 | C11: 1013 | D11: A2 | E11: FOB | F11: VOLVO | G11: EL RETIRO | H11: 44912 | K11: VOLVO | L11: 11
A12: US1 | B12: SHCY55 | C12: 1015 | D12: A2 | E12: FOB | F12: VOLVO | G12: EL RETIRO | H12: 44912 | K12: B2 | L12: 28
A13: US1 | B13: LXDH97 | C13: 2055 | D13: B2 | E13: FOB | F13: SCANIA | G13: EL RETIRO | H13: 44912 | K13: SCANIA | L13: 28
A14: US1 | B14: LXDJ16 | C14: 2064 | D14: B2 | E14: FOB | F14: SCANIA | G14: EL RETIRO | H14: 44933 | K14: C2 | L14: 19
A15: US1 | B15: LXDJ22 | C15: 2070 | D15: B2 | E15: FOB | F15: SCANIA | G15: EL RETIRO | H15: 44912 | K15: VOLVO | L15: 19
A16: US1 | B16: SHXF30 | C16: 4035 | D16: C2 | E16: FOB | F16: VOLVO | G16: EL RETIRO | H16: 44928 | K16: Total general | L16: 58
A17: US1 | B17: SHXG17 | C17: 4036 | D17: C2 | E17: FOB | F17: VOLVO | G17: EL RETIRO | H17: 44928
A18: US1 | B18: SHXG31 | C18: 4038 | D18: C2 | E18: FOB | F18: VOLVO | G18: EL RETIRO | H18: 44928
A19: US1 | B19: SHXG34 | C19: 4040 | D19: C2 | E19: FOB | F19: VOLVO | G19: EL RETIRO | H19: 44928 | K19: BUS QUEMADO
A20: US1 | B20: SJPC36 | C20: 4043 | D20: C2 | E20: FR | F20: VOLVO | G20: EL RETIRO | H20: 44928 | K20: LXDJ23 | L20: 45859
A21: US1 | B21: SJPC37 | C21: 4044 | D21: C2 | E21: FOB | F21: VOLVO | G21: EL RETIRO | H21: 44928
A22: US1 | B22: SJPC41 | C22: 4046 | D22: C2 | E22: FOB | F22: VOLVO | G22: EL RETIRO | H22: 44928
A23: US1 | B23: SJPC45 | C23: 4048 | D23: C2 | E23: FOB | F23: VOLVO | G23: EL RETIRO | H23: 44928
A24: US1 | B24: SJPC48 | C24: 4049 | D24: C2 | E24: FOB | F24: VOLVO | G24: EL RETIRO | H24: 44928
A25: US1 | B25: SJPC49 | C25: 4050 | D25: C2 | E25: FOB | F25: VOLVO | G25: EL RETIRO | H25: 44928
A26: US1 | B26: SJPC52 | C26: 4052 | D26: C2 | E26: FOB | F26: VOLVO | G26: EL RETIRO | H26: 44928
A27: US1 | B27: SJPD89 | C27: 4057 | D27: C2 | E27: FOB | F27: VOLVO | G27: EL RETIRO | H27: 44928
A28: US1 | B28: SJPD90 | C28: 4058 | D28: C2 | E28: FOB | F28: VOLVO | G28: EL RETIRO | H28: 44928
A29: US1 | B29: SJPD91 | C29: 4059 | D29: C2 | E29: FOB | F29: VOLVO | G29: EL RETIRO | H29: 44928
A30: US1 | B30: SJPD93 | C30: 4061 | D30: C2 | E30: FOB | F30: VOLVO | G30: EL RETIRO | H30: 44928
A31: US1 | B31: SJPD95 | C31: 4063 | D31: C2 | E31: FOB | F31: VOLVO | G31: EL RETIRO | H31: 44928
A32: US1 | B32: SJPD96 | C32: 4064 | D32: C2 | E32: FOB | F32: VOLVO | G32: EL RETIRO | H32: 44928
... A59: US1 | B59: LXDJ20 | C59: 2068 | D59: B2 | E59: FOB | F59: SCANIA | G59: EL RETIRO | H59: 44928

Sheet Sta. Margarita
A1: EMPRESA | B1: PLACA | C1: INTERNO | D1: TIPO BUS | E1: TIPO FLOTA | F1: MARCA CHASIS | G1: TERMINAL OP | H1: Inicio Operación | K1: Cargo | L1: Nombre
A2: US1 | B2: LXDH88 | C2: 2046 | D2: B2 | E2: FOB | F2: SCANIA | G2: SANTA MARGARITA | H2: 44912 | K2: Jefe de Terminal | L2: Jose Lagunas
A3: US1 | B3: LXDJ28 | C3: 2076 | D3: B2 | E3: FOB | F3: SCANIA | G3: SANTA MARGARITA | H3: 44928 | K3: Supervisor de Flota | L3: Giovanni Nicoletti
A4: US1 | B4: LXDJ30 | C4: 2078 | D4: B2 | E4: FOB | F4: SCANIA | G4: SANTA MARGARITA | H4: 44928 | K4: Supervisor de Flota | L4: John Santibáñez
A5: US1 | B5: LXDJ17 | C5: 2065 | D5: B2 | E5: FOB | F5: SCANIA | G5: SANTA MARGARITA | H5: 44933
A6: US1 | B6: LXDJ18 | C6: 2066 | D6: B2 | E6: FOB | F6: SCANIA | G6: SANTA MARGARITA | H6: 44928
A7: US1 | B7: LXDJ26 | C7: 2074 | D7: B2 | E7: FOB | F7: SCANIA | G7: SANTA MARGARITA | H7: 44933
A8: US1 | B8: LXDJ27 | C8: 2075 | D8: B2 | E8: FOB | F8: SCANIA | G8: SANTA MARGARITA | H8: 44933 | K8: BUS | L8: CANTIDAD
A9: US1 | B9: LXDJ29 | C9: 2077 | D9: B2 | E9: FOB | F9: SCANIA | G9: SANTA MARGARITA | H9: 44933 | K9: B2 | L9: 9
A10: US1 | B10: LXDJ31 | C10: 2079 | D10: B2 | E10: FOB | F10: SCANIA | G10: SANTA MARGARITA | H10: 44928 | K10: SCANIA | L10: 9
A11: US1 | B11: SHCY17 | C11: 4027 | D11: C2 | E11: FOB | F11: VOLVO | G11: SANTA MARGARITA | H11: 44928 | K11: C2 | L11: 19
A12: US1 | B12: SHCY18 | C12: 4025 | D12: C2 | E12: FOB | F12: VOLVO | G12: SANTA MARGARITA | H12: 44928 | K12: VOLVO | L12: 19
A13: US1 | B13: SHXC20 | C13: 4026 | D13: C2 | E13: FOB | F13: VOLVO | G13: SANTA MARGARITA | H13: 44928 | K13: Total general | L13: 28
A14: US1 | B14: SHXD76 | C14: 4028 | D14: C2 | E14: FOB | F14: VOLVO | G14: SANTA MARGARITA | H14: 44928
A15: US1 | B15: SHXD78 | C15: 4029 | D15: C2 | E15: FOB | F15: VOLVO | G15: SANTA MARGARITA | H15: 44928
A16: US1 | B16: SHXF26 | C16: 4032 | D16: C2 | E16: FOB | F16: VOLVO | G16: SANTA MARGARITA | H16: 44928
A17: US1 | B17: SHXF27 | C17: 4033 | D17: C2 | E17: FOB | F17: VOLVO | G17: SANTA MARGARITA | H17: 44928
A18: US1 | B18: SHXF28 | C18: 4034 | D18: C2 | E18: FOB | F18: VOLVO | G18: SANTA MARGARITA | H18: 44928
A19: US1 | B19: SHXG32 | C19: 4039 | D19: C2 | E19: FOB | F19: VOLVO | G19: SANTA MARGARITA | H19: 44928
A20: US1 | B20: SJPC38 | C20: 4045 | D20: C2 | E20: FOB | F20: VOLVO | G20: SANTA MARGARITA | H20: 44928
A21: US1 | B21: SHXF24 | C21: 4030 | D21: C2 | E21: FOB | F21: VOLVO | G21: SANTA MARGARITA | H21: 44928
A22: US1 | B22: SHXG30 | C22: 4037 | D22: C2 | E22: FOB | F22: VOLVO | G22: SANTA MARGARITA | H22: 44928
A23: US1 | B23: SJPC44 | C23: 4047 | D23: C2 | E23: FOB | F23: VOLVO | G23: SANTA MARGARITA | H23: 44928
A24: US1 | B24: SJPC56 | C24: 4053 | D24: C2 | E24: FOB | F24: VOLVO | G24: SANTA MARGARITA | H24: 44928
A25: US1 | B25: SJPC66 | C25: 4054 | D25: C2 | E25: FOB | F25: VOLVO | G25: SANTA MARGARITA | H25: 44928
... A29: US1 | B29: SJPD99 | C29: 4065 | D29: C2 | E29: FOB | F29: VOLVO | G29: SANTA MARGARITA | H29: 44928

Sheet Coca-Cola
A1: EMPRESA | B1: PLACA | C1: INTERNO | D1: TIPO BUS | E1: TIPO FLOTA | F1: MARCA CHASIS | G1: TERMINAL OP | H1: Inicio Operación | K1: Cargo | L1: Nombre | M1: Teléfono
K2: Subgerente Flota | L2: Fabián Contreras | M2: 9 82461903
K3: Jefe de Terminal | L3: Gustavo Rojas | M3: 9 32007087
K4: Jefe Taller | L4: Roberto Padilla | M4: 9 45814567
K7: BUS | L7: CANTIDAD
K8: (en blanco)
K9: (en blanco)
K10: Total general

Sheet Condell
A1: EMPRESA | B1: PLACA | C1: INTERNO | D1: TIPO BUS | E1: TIPO FLOTA | F1: MARCA CHASIS | G1: TERMINAL OP | H1: Inicio Operación | J1: Cargo | K1: Nombre
A2: US1 | B2: SHCX53 | C2: 1000 | D2: A2 | E2: FOB | F2: VOLVO | G2: CONDELL | H2: 44912 | J2: Jefe de Terminal | K2: Boris Caceres
A3: US1 | B3: SHCY10 | C3: 1001 | D3: A2 | E3: FOB | F3: VOLVO | G3: CONDELL | H3: 44912 | J3: Supervisor de Flota | K3: Francisco Fayos
A4: US1 | B4: SHXF83 | C4: 1018 | D4: A2 | E4: FOB | F4: VOLVO | G4: CONDELL | H4: 44933 | J4: Supervisor de Flota | K4: Jorge Villagra
A5: US1 | B5: SHXG99 | C5: 1019 | D5: A2 | E5: FOB | F5: VOLVO | G5: CONDELL | H5: 44933 | J5: Supervisor de Flota | K5: Juan Martini
A6: US1 | B6: SHCY62 | C6: 1020 | D6: A2 | E6: FOB | F6: VOLVO | G6: CONDELL | H6: 44933
A7: US1 | B7: SHCY45 | C7: 1021 | D7: A2 | E7: FOB | F7: VOLVO | G7: CONDELL | H7: 44933
A8: US1 | B8: SHCY44 | C8: 1022 | D8: A2 | E8: FOB | F8: VOLVO | G8: CONDELL | H8: 44933 | J8: BUS | K8: CANTIDAD
A9: US1 | B9: SHCY43 | C9: 1023 | D9: A2 | E9: FR | F9: VOLVO | G9: CONDELL | H9: 44933 | J9: A2 | K9: 10
A10: US1 | B10: SHXD83 | C10: 1028 | D10: A2 | E10: FOB | F10: VOLVO | G10: CONDELL | H10: 44933 | J10: VOLVO | K10: 10
A11: US1 | B11: SHCY38 | C11: 1029 | D11: A2 | E11: FOB | F11: VOLVO | G11: CONDELL | H11: 44933 | J11: B2 | K11: 12
A12: US1 | B12: LDJP73 | C12: 2084 | D12: B2 | E12: FOB | F12: MERCEDES BENZ | G12: CONDELL | H12: 44933 | J12: MERCEDES BENZ | K12: 12
A13: US1 | B13: LDJV43 | C13: 2085 | D13: B2 | E13: FOB | F13: MERCEDES BENZ | G13: CONDELL | H13: 44933 | J13: BE | K13: 75
A14: US1 | B14: LDJV46 | C14: 2088 | D14: B2 | E14: FOB | F14: MERCEDES BENZ | G14: CONDELL | H14: 44933 | J14: FOTON | K14: 75
A15: US1 | B15: LDJV48 | C15: 2089 | D15: B2 | E15: FOB | F15: MERCEDES BENZ | G15: CONDELL | H15: 44933 | J15: C2 | K15: 31
A16: US1 | B16: LDJV49 | C16: 2090 | D16: B2 | E16: FOB | F16: MERCEDES BENZ | G16: CONDELL | H16: 44933 | J16: MERCEDES BENZ | K16: 24
A17: US1 | B17: LDJV51 | C17: 2092 | D17: B2 | E17: FOB | F17: MERCEDES BENZ | G17: CONDELL | H17: 44933 | J17: VOLVO | K17: 7
A18: US1 | B18: LDJV52 | C18: 2093 | D18: B2 | E18: FOB | F18: MERCEDES BENZ | G18: CONDELL | H18: 44933 | J18: Total general | K18: 128
A19: US1 | B19: LDJW29 | C19: 2094 | D19: B2 | E19: FOB | F19: MERCEDES BENZ | G19: CONDELL | H19: 44933
A20: US1 | B20: LDJW48 | C20: 2111 | D20: B2 | E20: FOB | F20: MERCEDES BENZ | G20: CONDELL | H20: 44933 | J20: BUS QUEMADO
A21: US1 | B21: SJTD55 | C21: 3000 | D21: BE | E21: FR | F21: FOTON | G21: CONDELL | H21: 44933 | J21: SJTD58 | K21: 45743
A22: US1 | B22: SJTD56 | C22: 3001 | D22: BE | E22: FR | F22: FOTON | G22: CONDELL | H22: 44933
A23: US1 | B23: SJTD57 | C23: 3002 | D23: BE | E23: FR | F23: FOTON | G23: CONDELL | H23: 44933
A24: US1 | B24: SJTD61 | C24: 3004 | D24: BE | E24: FR | F24: FOTON | G24: CONDELL | H24: 44933
A25: US1 | B25: SJTD62 | C25: 3005 | D25: BE | E25: FR | F25: FOTON | G25: CONDELL | H25: 44933
A26: US1 | B26: SJTD63 | C26: 3006 | D26: BE | E26: FR | F26: FOTON | G26: CONDELL | H26: 44933
A27: US1 | B27: SJTD64 | C27: 3007 | D27: BE | E27: FR | F27: FOTON | G27: CONDELL | H27: 44933
A28: US1 | B28: SJTD65 | C28: 3008 | D28: BE | E28: FR | F28: FOTON | G28: CONDELL | H28: 44933
A29: US1 | B29: SJTD66 | C29: 3009 | D29: BE | E29: FR | F29: FOTON | G29: CONDELL | H29: 44933
A30: US1 | B30: SKHF49 | C30: 3010 | D30: BE | E30: FOB | F30: FOTON | G30: CONDELL | H30: 44933
A31: US1 | B31: SKHF84 | C31: 3011 | D31: BE | E31: FOB | F31: FOTON | G31: CONDELL | H31: 44933
A32: US1 | B32: SKHF87 | C32: 3012 | D32: BE | E32: FOB | F32: FOTON | G32: CONDELL | H32: 44933
A33: US1 | B33: SKHF91 | C33: 3013 | D33: BE | E33: FOB | F33: FOTON | G33: CONDELL | H33: 44933
... A129: US1 | B129: TXZK38 | C129: 3140 | D129: BE | E129: FR | F129: FOTON | G129: CONDELL | H129: 45702

Sheet Sta. Marta
A1: EMPRESA | B1: PLACA | C1: INTERNO | D1: TIPO BUS | E1: TIPO FLOTA | F1: MARCA CHASIS | G1: TERMINAL OP | H1: Inicio Operación | J1: Cargo | K1: Nombre
A2: US1 | B2: SHCY36 | C2: 1006 | D2: A2 | E2: FOB | F2: VOLVO | G2: STA MARTA | H2: 45038 | J2: Supervisor de Flota | K2: Margarita Tafall
A3: US1 | B3: SHCY37 | C3: 1007 | D3: A2 | E3: FOB | F3: VOLVO | G3: STA MARTA | H3: 45038 | J3: Supervisor de Flota | K3: Luis Vargas
A4: US1 | B4: SHCY51 | C4: 1014 | D4: A2 | E4: FOB | F4: VOLVO | G4: STA MARTA | H4: 45038 | J4: Supervisor de Flota | K4: Carlos Moya
A5: US1 | B5: SHCY16 | C5: 1016 | D5: A2 | E5: FOB | F5: VOLVO | G5: STA MARTA | H5: 45038 | J5: Supervisor de Flota | K5: Jose Vargas
A6: US1 | B6: SHCY35 | C6: 1017 | D6: A2 | E6: FOB | F6: VOLVO | G6: STA MARTA | H6: 45038 | J6: Supervisor de Flota | K6: Darochs Diaz
A7: US1 | B7: SHCX43 | C7: 1024 | D7: A2 | E7: FOB | F7: VOLVO | G7: STA MARTA | H7: 45038
A8: US1 | B8: SHCY59 | C8: 1025 | D8: A2 | E8: FOB | F8: VOLVO | G8: STA MARTA | H8: 45038
A9: US1 | B9: SHCX54 | C9: 1026 | D9: A2 | E9: FOB | F9: VOLVO | G9: STA MARTA | H9: 45038 | J9: BUS | K9: CANTIDAD
A10: US1 | B10: SHCY58 | C10: 1027 | D10: A2 | E10: FOB | F10: VOLVO | G10: STA MARTA | H10: 45038 | J10: A2 | K10: 16
A11: US1 | B11: SHXF23 | C11: 1030 | D11: A2 | E11: FOB | F11: VOLVO | G11: STA MARTA | H11: 45038 | J11: VOLVO | K11: 16
A12: US1 | B12: SHCY64 | C12: 1031 | D12: A2 | E12: FOB | F12: VOLVO | G12: STA MARTA | H12: 45038 | J12: B2 | K12: 22
A13: US1 | B13: SHCY57 | C13: 1032 | D13: A2 | E13: FOB | F13: VOLVO | G13: STA MARTA | H13: 45038 | J13: MERCEDES BENZ | K13: 22
A14: US1 | B14: SHXF45 | C14: 1033 | D14: A2 | E14: FOB | F14: VOLVO | G14: STA MARTA | H14: 45038 | J14: BPAL | K14: 43
A15: US1 | B15: SHXF19 | C15: 1034 | D15: A2 | E15: FOB | F15: VOLVO | G15: STA MARTA | H15: 45038 | J15: MERCEDES BENZ | K15: 40
A16: US1 | B16: SJPB20 | C16: 1035 | D16: A2 | E16: FOB | F16: VOLVO | G16: STA MARTA | H16: 45038 | J16: SCANIA | K16: 3
A17: US1 | B17: SJPC30 | C17: 1036 | D17: A2 | E17: FOB | F17: VOLVO | G17: STA MARTA | H17: 45038 | J17: BE | K17: 66
A18: US1 | B18: FLXS43 | C18: 2000 | D18: BPAL | E18: FOB | F18: MERCEDES BENZ | G18: STA MARTA | H18: 45038 | J18: FOTON | K18: 66
A19: US1 | B19: FLXS44 | C19: 2001 | D19: BPAL | E19: FOB | F19: MERCEDES BENZ | G19: STA MARTA | H19: 45038 | J19: Total general | K19: 147
A20: US1 | B20: FLXS45 | C20: 2002 | D20: BPAL | E20: FOB | F20: MERCEDES BENZ | G20: STA MARTA | H20: 45038
A21: US1 | B21: FLXS46 | C21: 2003 | D21: BPAL | E21: FOB | F21: MERCEDES BENZ | G21: STA MARTA | H21: 45038
A22: US1 | B22: FLXS47 | C22: 2004 | D22: BPAL | E22: FOB | F22: MERCEDES BENZ | G22: STA MARTA | H22: 45038
A23: US1 | B23: FLXS48 | C23: 2005 | D23: BPAL | E23: FOB | F23: MERCEDES BENZ | G23: STA MARTA | H23: 45038
A24: US1 | B24: FLXS49 | C24: 2006 | D24: BPAL | E24: FOB | F24: MERCEDES BENZ | G24: STA MARTA | H24: 45038
A25: US1 | B25: FLXS50 | C25: 2007 | D25: BPAL | E25: FOB | F25: MERCEDES BENZ | G25: STA MARTA | H25: 45038
A26: US1 | B26: FLXS51 | C26: 2008 | D26: BPAL | E26: FOB | F26: MERCEDES BENZ | G26: STA MARTA | H26: 45038
A27: US1 | B27: FLXS52 | C27: 2009 | D27: BPAL | E27: FOB | F27: MERCEDES BENZ | G27: STA MARTA | H27: 45038
A28: US1 | B28: FLXS53 | C28: 2010 | D28: BPAL | E28: FOB | F28: MERCEDES BENZ | G28: STA MARTA | H28: 45038
A29: US1 | B29: FLXS54 | C29: 2011 | D29: BPAL | E29: FOB | F29: MERCEDES BENZ | G29: STA MARTA | H29: 45038
A30: US1 | B30: FLXS55 | C30: 2012 | D30: BPAL | E30: FOB | F30: MERCEDES BENZ | G30: STA MARTA | H30: 45038
A31: US1 | B31: FLXS56 | C31: 2013 | D31: BPAL | E31: FOB | F31: MERCEDES BENZ | G31: STA MARTA | H31: 45038
... A148: US1 | B148: FLXP82 | C148: 2041 | D148: BPAL | E148: FS | F148: MERCEDES BENZ | G148: STA MARTA | H148: 45024

Sheet A. Luco
A1: EMPRESA | B1: PLACA | C1: INTERNO | D1: TIPO BUS | E1: TIPO FLOTA | F1: MARCA CHASIS | G1: TERMINAL OP | H1: Inicio Operación | J1: Cargo | K1: Nombre
A2: US2 | B2: SHCX61 | C2: 5001 | D2: A2 | E2: FOB | F2: VOLVO | G2: A. LUCO | H2: 44982 | J2: Supervisor de Flota | K2: Segundo Burgos
A3: US2 | B3: SHCX44 | C3: 5002 | D3: A2 | E3: FOB | F3: VOLVO | G3: A. LUCO | H3: 44982
A4: US2 | B4: SHCY41 | C4: 5003 | D4: A2 | E4: FOB | F4: VOLVO | G4: A. LUCO | H4: 44982 | J4: BUS | K4: CANTIDAD
A5: US2 | B5: SHCY56 | C5: 5004 | D5: A2 | E5: FOB | F5: VOLVO | G5: A. LUCO | H5: 44982 | J5: A2 | K5: 6
A6: US2 | B6: SHXF37 | C6: 5005 | D6: A2 | E6: FOB | F6: VOLVO | G6: A. LUCO | H6: 44982 | J6: VOLVO | K6: 6
A7: US2 | B7: TPWW72 | C7: 5023 | D7: A2 | E7: FOB | F7: VOLVO | G7: A. LUCO | H7: 45537 | J7: B2 | K7: 33
A8: US2 | B8: FLXR78 | C8: 6000 | D8: BPAL | E8: FOB | F8: MERCEDES BENZ | G8: A. LUCO | H8: 45003 | J8: VOLVO | K8: 33
A9: US2 | B9: FLXR79 | C9: 6001 | D9: BPAL | E9: FOB | F9: MERCEDES BENZ | G9: A. LUCO | H9: 45003 | J9: BPAL | K9: 24
A10: US2 | B10: FLXR80 | C10: 6002 | D10: BPAL | E10: FOB | F10: MERCEDES BENZ | G10: A. LUCO | H10: 45003 | J10: MERCEDES BENZ | K10: 24
A11: US2 | B11: FLXR81 | C11: 6003 | D11: BPAL | E11: FOB | F11: MERCEDES BENZ | G11: A. LUCO | H11: 45003 | J11: Total general | K11: 63
A12: US2 | B12: FLXR82 | C12: 6004 | D12: BPAL | E12: FOB | F12: MERCEDES BENZ | G12: A. LUCO | H12: 45003
A13: US2 | B13: FLXR83 | C13: 6005 | D13: BPAL | E13: FOB | F13: MERCEDES BENZ | G13: A. LUCO | H13: 45003
A14: US2 | B14: FLXR85 | C14: 6007 | D14: BPAL | E14: FOB | F14: MERCEDES BENZ | G14: A. LUCO | H14: 45003 | J14: BUS QUEMADO
A15: US2 | B15: FLXR86 | C15: 6008 | D15: BPAL | E15: FOB | F15: MERCEDES BENZ | G15: A. LUCO | H15: 45003 | J15: SHCX41 | K15: 45180
A16: US2 | B16: FLXR89 | C16: 6011 | D16: BPAL | E16: FR | F16: MERCEDES BENZ | G16: A. LUCO | H16: 45003 | J16: SHCW73 | K16: 45014
A17: US2 | B17: FLXR90 | C17: 6012 | D17: BPAL | E17: FOB | F17: MERCEDES BENZ | G17: A. LUCO | H17: 45003 | J17: FLXR84 | K17: 45824
A18: US2 | B18: FLXR91 | C18: 6013 | D18: BPAL | E18: FOB | F18: MERCEDES BENZ | G18: A. LUCO | H18: 45003 | J18: FLXR88 | K18: 45967
A19: US2 | B19: FLXR92 | C19: 6014 | D19: BPAL | E19: FOB | F19: MERCEDES BENZ | G19: A. LUCO | H19: 45003
A20: US2 | B20: FLXR93 | C20: 6015 | D20: BPAL | E20: FOB | F20: MERCEDES BENZ | G20: A. LUCO | H20: 45003
A21: US2 | B21: SHCW61 | C21: 6093 | D21: B2 | E21: FOB | F21: VOLVO | G21: A. LUCO | H21: 44982
A22: US2 | B22: SHCW64 | C22: 6096 | D22: B2 | E22: FR | F22: VOLVO | G22: A. LUCO | H22: 44982
A23: US2 | B23: SHCW71 | C23: 6101 | D23: B2 | E23: FOB | F23: VOLVO | G23: A. LUCO | H23: 44982
A24: US2 | B24: SHCW75 | C24: 6104 | D24: B2 | E24: FOB | F24: VOLVO | G24: A. LUCO | H24: 44982
A25: US2 | B25: SHCW76 | C25: 6105 | D25: B2 | E25: FOB | F25: VOLVO | G25: A. LUCO | H25: 44982
A26: US2 | B26: SHCW77 | C26: 6106 | D26: B2 | E26: FOB | F26: VOLVO | G26: A. LUCO | H26: 44982
A27: US2 | B27: SHCW79 | C27: 6108 | D27: B2 | E27: FOB | F27: VOLVO | G27: A. LUCO | H27: 44982
A28: US2 | B28: SHCX26 | C28: 6111 | D28: B2 | E28: FOB | F28: VOLVO | G28: A. LUCO | H28: 44982
A29: US2 | B29: SHCX27 | C29: 6112 | D29: B2 | E29: FOB | F29: VOLVO | G29: A. LUCO | H29: 44982
A30: US2 | B30: SHCX29 | C30: 6114 | D30: B2 | E30: FOB | F30: VOLVO | G30: A. LUCO | H30: 44982
... A64: US2 | B64: FLXS40 | C64: 6025 | D64: BPAL | E64: FS | F64: MERCEDES BENZ | G64: A. LUCO | H64: 45024

Sheet Pie Andino
A1: EMPRESA | B1: PLACA | C1: INTERNO | D1: TIPO BUS | E1: TIPO FLOTA | F1: MARCA CHASIS | G1: TERMINAL OP | H1: Inicio Operación | J1: Cargo | K1: Nombre
A2: US2 | B2: SHCX60 | C2: 5006 | D2: A2 | E2: FOB | F2: VOLVO | G2: PIE ANDINO | H2: 45003 | J2: Jefe de terminal | K2: Patricio Veas
A3: US2 | B3: SHCY42 | C3: 5007 | D3: A2 | E3: FOB | F3: VOLVO | G3: PIE ANDINO | H3: 45003 | J3: Supervisor de Flota | K3: Yorshua
A4: US2 | B4: SHCY60 | C4: 5009 | D4: A2 | E4: FOB | F4: VOLVO | G4: PIE ANDINO | H4: 45003 | J4: Supervisor de Flota | K4: Miguel Tapia
A5: US2 | B5: SHXD57 | C5: 5010 | D5: A2 | E5: FOB | F5: VOLVO | G5: PIE ANDINO | H5: 45003 | J5: Supervisor de Flota | K5: Francisco Imio
A6: US2 | B6: SHXF18 | C6: 5011 | D6: A2 | E6: FOB | F6: VOLVO | G6: PIE ANDINO | H6: 45003
A7: US2 | B7: SHXF36 | C7: 5012 | D7: A2 | E7: FOB | F7: VOLVO | G7: PIE ANDINO | H7: 45003
A8: US2 | B8: SHXF39 | C8: 5013 | D8: A2 | E8: FOB | F8: VOLVO | G8: PIE ANDINO | H8: 45003
A9: US2 | B9: SHXF40 | C9: 5014 | D9: A2 | E9: FOB | F9: VOLVO | G9: PIE ANDINO | H9: 45003 | J9: Etiquetas de fila | K9: CANTIDAD
A10: US2 | B10: SHXG86 | C10: 5015 | D10: A2 | E10: FOB | F10: VOLVO | G10: PIE ANDINO | H10: 45003 | J10: A2 | K10: 15
A11: US2 | B11: SHCY61 | C11: 5016 | D11: A2 | E11: FOB | F11: VOLVO | G11: PIE ANDINO | H11: 45003 | J11: VOLVO | K11: 15
A12: US2 | B12: SHCY63 | C12: 5017 | D12: A2 | E12: FOB | F12: VOLVO | G12: PIE ANDINO | H12: 45003 | J12: B2 | K12: 49
A13: US2 | B13: SHXD82 | C13: 5018 | D13: A2 | E13: FOB | F13: VOLVO | G13: PIE ANDINO | H13: 45003 | J13: MERCEDES BENZ | K13: 12
A14: US2 | B14: SHXD84 | C14: 5019 | D14: A2 | E14: FOB | F14: VOLVO | G14: PIE ANDINO | H14: 45003 | J14: VOLVO | K14: 37
A15: US2 | B15: SHXF22 | C15: 5020 | D15: A2 | E15: FOB | F15: VOLVO | G15: PIE ANDINO | H15: 45003 | J15: BE | K15: 77
A16: US2 | B16: SHCY65 | C16: 5022 | D16: A2 | E16: FOB | F16: VOLVO | G16: PIE ANDINO | H16: 45003 | J16: FOTON | K16: 77
A17: US2 | B17: LBTS75 | C17: 6027 | D17: B2 | E17: FOB | F17: MERCEDES BENZ | G17: PIE ANDINO | H17: 45003 | J17: Total general | K17: 141
A18: US2 | B18: LBTS76 | C18: 6028 | D18: B2 | E18: FR | F18: MERCEDES BENZ | G18: PIE ANDINO | H18: 45003
A19: US2 | B19: LBTS77 | C19: 6029 | D19: B2 | E19: FR | F19: MERCEDES BENZ | G19: PIE ANDINO | H19: 45003
A20: US2 | B20: LBTS78 | C20: 6030 | D20: B2 | E20: FR | F20: MERCEDES BENZ | G20: PIE ANDINO | H20: 45003
A21: US2 | B21: LBTT14 | C21: 6055 | D21: B2 | E21: FR | F21: MERCEDES BENZ | G21: PIE ANDINO | H21: 45024 | J21: BUS QUEMADO
A22: US2 | B22: LBTT22 | C22: 6063 | D22: B2 | E22: FOB | F22: MERCEDES BENZ | G22: PIE ANDINO | H22: 45024 | J22: SHCY48 | K22: 45118
A23: US2 | B23: LCPG33 | C23: 6069 | D23: B2 | E23: FOB | F23: MERCEDES BENZ | G23: PIE ANDINO | H23: 45024 | J23: LBTS93 | K23: 45457
A24: US2 | B24: LCPG47 | C24: 6083 | D24: B2 | E24: FOB | F24: MERCEDES BENZ | G24: PIE ANDINO | H24: 45024 | J24: SHXF38 | K24: 45461
A25: US2 | B25: LCPW28 | C25: 6089 | D25: B2 | E25: FOB | F25: MERCEDES BENZ | G25: PIE ANDINO | H25: 45024 | J25: SPZY72 | K25: 45811
A26: US2 | B26: LCPW29 | C26: 6090 | D26: B2 | E26: FOB | F26: MERCEDES BENZ | G26: PIE ANDINO | H26: 45024
A27: US2 | B27: SHCW69 | C27: 6091 | D27: B2 | E27: FOB | F27: VOLVO | G27: PIE ANDINO | H27: 45003
A28: US2 | B28: SHCW74 | C28: 6092 | D28: B2 | E28: FOB | F28: VOLVO | G28: PIE ANDINO | H28: 45003
A29: US2 | B29: SHCW62 | C29: 6094 | D29: B2 | E29: FR | F29: VOLVO | G29: PIE ANDINO | H29: 44982
A30: US2 | B30: SHCW63 | C30: 6095 | D30: B2 | E30: FR | F30: VOLVO | G30: PIE ANDINO | H30: 44982
A31: US2 | B31: SHCW65 | C31: 6097 | D31: B2 | E31: FOB | F31: VOLVO | G31: PIE ANDINO | H31: 44982
A32: US2 | B32: SHCW67 | C32: 6098 | D32: B2 | E32: FOB | F32: VOLVO | G32: PIE ANDINO | H32: 44982
A33: US2 | B33: SHCW68 | C33: 6099 | D33: B2 | E33: FOB | F33: VOLVO | G33: PIE ANDINO | H33: 44982
A34: US2 | B34: SHCW70 | C34: 6100 | D34: B2 | E34: FOB | F34: VOLVO | G34: PIE ANDINO | H34: 44982
A35: US2 | B35: SHCW72 | C35: 6102 | D35: B2 | E35: FOB | F35: VOLVO | G35: PIE ANDINO | H35: 44982
A36: US2 | B36: SHCW78 | C36: 6107 | D36: B2 | E36: FOB | F36: VOLVO | G36: PIE ANDINO | H36: 44982
A37: US2 | B37: SHCW80 | C37: 6109 | D37: B2 | E37: FOB | F37: VOLVO | G37: PIE ANDINO | H37: 44982
... A142: US2 | B142: SPZY24 | C142: 7065 | D142: BE | E142: FOB | F142: FOTON | G142: PIE ANDINO | H142: 45003

Sheet Juanita
A1: EMPRESA | B1: PLACA | C1: INTERNO | D1: TIPO BUS | E1: TIPO FLOTA | F1: MARCA CHASIS | G1: TERMINAL OP | H1: Inicio Operación | J1: Cargo | K1: Nombre
A2: US2 | B2: LBTS79 | C2: 6031 | D2: B2 | E2: FOB | F2: MERCEDES BENZ | G2: JUANITA | H2: =_xlfn.XLOOKUP(OMJNT[[#This Row],[PLACA]],DitrbFlota[PLACA],DitrbFlota[Inicio Operación]) -> 45003 | J2: Jefe de terminal | K2: Esteban Barra
A3: US2 | B3: LBTS80 | C3: 6032 | D3: B2 | E3: FOB | F3: MERCEDES BENZ | G3: JUANITA | H3: 45024 | J3: Supervisor de Flota | K3: Sebastián Icarte
A4: US2 | B4: LBTS81 | C4: 6033 | D4: B2 | E4: FOB | F4: MERCEDES BENZ | G4: JUANITA | H4: 45003 | J4: Supervisor de Flota | K4: Carlos Oyarce
A5: US2 | B5: LBTS82 | C5: 6034 | D5: B2 | E5: FOB | F5: MERCEDES BENZ | G5: JUANITA | H5: 45003 | J5: Supervisor de Flota | K5: Victor Carvajal
A6: US2 | B6: LBTS83 | C6: 6035 | D6: B2 | E6: FOB | F6: MERCEDES BENZ | G6: JUANITA | H6: 45003
A7: US2 | B7: LBTS85 | C7: 6036 | D7: B2 | E7: FOB | F7: MERCEDES BENZ | G7: JUANITA | H7: 45003
A8: US2 | B8: LBTS86 | C8: 6037 | D8: B2 | E8: FOB | F8: MERCEDES BENZ | G8: JUANITA | H8: =_xlfn.XLOOKUP(OMJNT[[#This Row],[PLACA]],DitrbFlota[PLACA],DitrbFlota[Inicio Operación]) -> 45003 | J8: BUS | K8: CANTIDAD
A9: US2 | B9: LBTS87 | C9: 6038 | D9: B2 | E9: FOB | F9: MERCEDES BENZ | G9: JUANITA | H9: 45003 | J9: B2 | K9: 50
A10: US2 | B10: LBTS88 | C10: 6039 | D10: B2 | E10: FOB | F10: MERCEDES BENZ | G10: JUANITA | H10: =_xlfn.XLOOKUP(OMJNT[[#This Row],[PLACA]],DitrbFlota[PLACA],DitrbFlota[Inicio Operación]) -> 45003 | J10: MERCEDES BENZ | K10: 50
A11: US2 | B11: LBTS89 | C11: 6040 | D11: B2 | E11: FOB | F11: MERCEDES BENZ | G11: JUANITA | H11: 45003 | J11: BE | K11: 122
A12: US2 | B12: LBTS90 | C12: 6041 | D12: B2 | E12: FOB | F12: MERCEDES BENZ | G12: JUANITA | H12: 45003 | J12: FOTON | K12: 97
A13: US2 | B13: LBTS91 | C13: 6042 | D13: B2 | E13: FOB | F13: MERCEDES BENZ | G13: JUANITA | H13: 45003 | J13: YUTONG | K13: 25
A14: US2 | B14: LBTS92 | C14: 6043 | D14: B2 | E14: FOB | F14: MERCEDES BENZ | G14: JUANITA | H14: 45003 | J14: Total general | K14: 172
A15: US2 | B15: LBTS94 | C15: 6045 | D15: B2 | E15: FOB | F15: MERCEDES BENZ | G15: JUANITA | H15: 45003
A16: US2 | B16: LBTS95 | C16: 6046 | D16: B2 | E16: FOB | F16: MERCEDES BENZ | G16: JUANITA | H16: 45003
A17: US2 | B17: LBTS96 | C17: 6047 | D17: B2 | E17: FOB | F17: MERCEDES BENZ | G17: JUANITA | H17: 45003
A18: US2 | B18: LBTS97 | C18: 6048 | D18: B2 | E18: FOB | F18: MERCEDES BENZ | G18: JUANITA | H18: =_xlfn.XLOOKUP(OMJNT[[#This Row],[PLACA]],DitrbFlota[PLACA],DitrbFlota[Inicio Operación]) -> 45003
A19: US2 | B19: LBTS98 | C19: 6049 | D19: B2 | E19: FOB | F19: MERCEDES BENZ | G19: JUANITA | H19: =_xlfn.XLOOKUP(OMJNT[[#This Row],[PLACA]],DitrbFlota[PLACA],DitrbFlota[Inicio Operación]) -> 45003
A20: US2 | B20: LBTS99 | C20: 6050 | D20: B2 | E20: FOB | F20: MERCEDES BENZ | G20: JUANITA | H20: =_xlfn.XLOOKUP(OMJNT[[#This Row],[PLACA]],DitrbFlota[PLACA],DitrbFlota[Inicio Operación]) -> 45003
A21: US2 | B21: LBTT10 | C21: 6051 | D21: B2 | E21: FOB | F21: MERCEDES BENZ | G21: JUANITA | H21: =_xlfn.XLOOKUP(OMJNT[[#This Row],[PLACA]],DitrbFlota[PLACA],DitrbFlota[Inicio Operación]) -> 45003
A22: US2 | B22: LBTT11 | C22: 6052 | D22: B2 | E22: FOB | F22: MERCEDES BENZ | G22: JUANITA | H22: =_xlfn.XLOOKUP(OMJNT[[#This Row],[PLACA]],DitrbFlota[PLACA],DitrbFlota[Inicio Operación]) -> 45003
A23: US2 | B23: LBTT12 | C23: 6053 | D23: B2 | E23: FOB | F23: MERCEDES BENZ | G23: JUANITA | H23: =_xlfn.XLOOKUP(OMJNT[[#This Row],[PLACA]],DitrbFlota[PLACA],DitrbFlota[Inicio Operación]) -> 45003
A24: US2 | B24: LBTT13 | C24: 6054 | D24: B2 | E24: FOB | F24: MERCEDES BENZ | G24: JUANITA | H24: =_xlfn.XLOOKUP(OMJNT[[#This Row],[PLACA]],DitrbFlota[PLACA],DitrbFlota[Inicio Operación]) -> 45003
A25: US2 | B25: LBTT15 | C25: 6056 | D25: B2 | E25: FR | F25: MERCEDES BENZ | G25: JUANITA | H25: 45024
A26: US2 | B26: LBTT16 | C26: 6057 | D26: B2 | E26: FOB | F26: MERCEDES BENZ | G26: JUANITA | H26: =_xlfn.XLOOKUP(OMJNT[[#This Row],[PLACA]],DitrbFlota[PLACA],DitrbFlota[Inicio Operación]) -> 45024
A27: US2 | B27: LBTT17 | C27: 6058 | D27: B2 | E27: FOB | F27: MERCEDES BENZ | G27: JUANITA | H27: 45024
A28: US2 | B28: LBTT18 | C28: 6059 | D28: B2 | E28: FOB | F28: MERCEDES BENZ | G28: JUANITA | H28: 45024
A29: US2 | B29: LBTT19 | C29: 6060 | D29: B2 | E29: FOB | F29: MERCEDES BENZ | G29: JUANITA | H29: =_xlfn.XLOOKUP(OMJNT[[#This Row],[PLACA]],DitrbFlota[PLACA],DitrbFlota[Inicio Operación]) -> 45003
A30: US2 | B30: LBTT20 | C30: 6061 | D30: B2 | E30: FOB | F30: MERCEDES BENZ | G30: JUANITA | H30: =_xlfn.XLOOKUP(OMJNT[[#This Row],[PLACA]],DitrbFlota[PLACA],DitrbFlota[Inicio Operación]) -> 45024
A31: US2 | B31: LBTT21 | C31: 6062 | D31: B2 | E31: FOB | F31: MERCEDES BENZ | G31: JUANITA | H31: 45024
A32: US2 | B32: LBTT23 | C32: 6064 | D32: B2 | E32: FOB | F32: MERCEDES BENZ | G32: JUANITA | H32: 45024
A33: US2 | B33: LBTT24 | C33: 6065 | D33: B2 | E33: FOB | F33: MERCEDES BENZ | G33: JUANITA | H33: 45024
A34: US2 | B34: LBTT25 | C34: 6066 | D34: B2 | E34: FOB | F34: MERCEDES BENZ | G34: JUANITA | H34: =_xlfn.XLOOKUP(OMJNT[[#This Row],[PLACA]],DitrbFlota[PLACA],DitrbFlota[Inicio Operación]) -> 45024
A35: US2 | B35: LCPG31 | C35: 6067 | D35: B2 | E35: FOB | F35: MERCEDES BENZ | G35: JUANITA | H35: 45024
A36: US2 | B36: LCPG32 | C36: 6068 | D36: B2 | E36: FOB | F36: MERCEDES BENZ | G36: JUANITA | H36: =_xlfn.XLOOKUP(OMJNT[[#This Row],[PLACA]],DitrbFlota[PLACA],DitrbFlota[Inicio Operación]) -> 45024
A37: US2 | B37: LCPG34 | C37: 6070 | D37: B2 | E37: FOB | F37: MERCEDES BENZ | G37: JUANITA | H37: 45024
A38: US2 | B38: LCPG36 | C38: 6072 | D38: B2 | E38: FOB | F38: MERCEDES BENZ | G38: JUANITA | H38: 45024
A39: US2 | B39: LCPG37 | C39: 6073 | D39: B2 | E39: FOB | F39: MERCEDES BENZ | G39: JUANITA | H39: 45024
A40: US2 | B40: LCPG38 | C40: 6074 | D40: B2 | E40: FOB | F40: MERCEDES BENZ | G40: JUANITA | H40: 45024
A41: US2 | B41: LCPG39 | C41: 6075 | D41: B2 | E41: FOB | F41: MERCEDES BENZ | G41: JUANITA | H41: 45024
A42: US2 | B42: LCPG40 | C42: 6076 | D42: B2 | E42: FOB | F42: MERCEDES BENZ | G42: JUANITA | H42: 45024
A43: US2 | B43: LCPG41 | C43: 6077 | D43: B2 | E43: FOB | F43: MERCEDES BENZ | G43: JUANITA | H43: =_xlfn.XLOOKUP(OMJNT[[#This Row],[PLACA]],DitrbFlota[PLACA],DitrbFlota[Inicio Operación]) -> 45024
A44: US2 | B44: LCPG42 | C44: 6078 | D44: B2 | E44: FOB | F44: MERCEDES BENZ | G44: JUANITA | H44: 45024
A45: US2 | B45: LCPG43 | C45: 6079 | D45: B2 | E45: FOB | F45: MERCEDES BENZ | G45: JUANITA | H45: 45024
A46: US2 | B46: LCPG44 | C46: 6080 | D46: B2 | E46: FOB | F46: MERCEDES BENZ | G46: JUANITA | H46: =_xlfn.XLOOKUP(OMJNT[[#This Row],[PLACA]],DitrbFlota[PLACA],DitrbFlota[Inicio Operación]) -> 45024
A47: US2 | B47: LCPG46 | C47: 6082 | D47: B2 | E47: FOB | F47: MERCEDES BENZ | G47: JUANITA | H47: =_xlfn.XLOOKUP(OMJNT[[#This Row],[PLACA]],DitrbFlota[PLACA],DitrbFlota[Inicio Operación]) -> 45024
A48: US2 | B48: LCPG48 | C48: 6084 | D48: B2 | E48: FOB | F48: MERCEDES BENZ | G48: JUANITA | H48: =_xlfn.XLOOKUP(OMJNT[[#This Row],[PLACA]],DitrbFlota[PLACA],DitrbFlota[Inicio Operación]) -> 45024
A49: US2 | B49: LCPG50 | C49: 6086 | D49: B2 | E49: FOB | F49: MERCEDES BENZ | G49: JUANITA | H49: 45024
A50: US2 | B50: LCPG51 | C50: 6087 | D50: B2 | E50: FOB | F50: MERCEDES BENZ | G50: JUANITA | H50: 45024
A51: US2 | B51: LCPG52 | C51: 6088 | D51: B2 | E51: FOB | F51: MERCEDES BENZ | G51: JUANITA | H51: 45024
A52: US2 | B52: LCTG23 | C52: 7000 | D52: BE | E52: FR | F52: YUTONG | G52: JUANITA | H52: 45024
A53: US2 | B53: LCTG24 | C53: 7001 | D53: BE | E53: FR | F53: YUTONG | G53: JUANITA | H53: 45024
A54: US2 | B54: LCTG25 | C54: 7002 | D54: BE | E54: FOB | F54: YUTONG | G54: JUANITA | H54: 45024
A55: US2 | B55: LCTG26 | C55: 7003 | D55: BE | E55: FOB | F55: YUTONG | G55: JUANITA | H55: 45024
A56: US2 | B56: LCTG27 | C56: 7004 | D56: BE | E56: FOB | F56: YUTONG | G56: JUANITA | H56: 45024
A57: US2 | B57: LCTG28 | C57: 7005 | D57: BE | E57: FOB | F57: YUTONG | G57: JUANITA | H57: 45024
A58: US2 | B58: LCTG29 | C58: 7006 | D58: BE | E58: FOB | F58: YUTONG | G58: JUANITA | H58: 45024
A59: US2 | B59: LCTG30 | C59: 7007 | D59: BE | E59: FOB | F59: YUTONG | G59: JUANITA | H59: 45024
A60: US2 | B60: LCTG31 | C60: 7008 | D60: BE | E60: FOB | F60: YUTONG | G60: JUANITA | H60: 45024
... A78: US2 | B78: SPZX52 | C78: 7028 | D78: BE | E78: FR | F78: FOTON | G78: JUANITA | H78: 45003
A79: US2 | B79: SPZX57 | C79: 7030 | D79: BE | E79: FOB | F79: FOTON | G79: JUANITA | H79: =_xlfn.XLOOKUP(OMJNT[[#This Row],[PLACA]],DitrbFlota[PLACA],DitrbFlota[Inicio Operación]) -> 45003
A80: US2 | B80: SPZX70 | C80: 7040 | D80: BE | E80: FR | F80: FOTON | G80: JUANITA | H80: 45003
A81: US2 | B81: SPZX72 | C81: 7042 | D81: BE | E81: FOB | F81: FOTON | G81: JUANITA | H81: =_xlfn.XLOOKUP(OMJNT[[#This Row],[PLACA]],DitrbFlota[PLACA],DitrbFlota[Inicio Operación]) -> 45003
A82: US2 | B82: SPZX78 | C82: 7048 | D82: BE | E82: FOB | F82: FOTON | G82: JUANITA | H82: =_xlfn.XLOOKUP(OMJNT[[#This Row],[PLACA]],DitrbFlota[PLACA],DitrbFlota[Inicio Operación]) -> 45003
A83: US2 | B83: SPZX81 | C83: 7051 | D83: BE | E83: FOB | F83: FOTON | G83: JUANITA | H83: =_xlfn.XLOOKUP(OMJNT[[#This Row],[PLACA]],DitrbFlota[PLACA],DitrbFlota[Inicio Operación]) -> 45003
A84: US2 | B84: SPZX98 | C84: 7059 | D84: BE | E84: FOB | F84: FOTON | G84: JUANITA | H84: 45003
A85: US2 | B85: SPZY25 | C85: 7066 | D85: BE | E85: FOB | F85: FOTON | G85: JUANITA | H85: 45003
A86: US2 | B86: SPZY28 | C86: 7068 | D86: BE | E86: FOB | F86: FOTON | G86: JUANITA | H86: 45003
A87: US2 | B87: SPZY31 | C87: 7069 | D87: BE | E87: FOB | F87: FOTON | G87: JUANITA | H87: =_xlfn.XLOOKUP(OMJNT[[#This Row],[PLACA]],DitrbFlota[PLACA],DitrbFlota[Inicio Operación]) -> 45003
A88: US2 | B88: SPZY41 | C88: 7071 | D88: BE | E88: FOB | F88: FOTON | G88: JUANITA | H88: 45003
A89: US2 | B89: SPZY49 | C89: 7077 | D89: BE | E89: FOB | F89: FOTON | G89: JUANITA | H89: =_xlfn.XLOOKUP(OMJNT[[#This Row],[PLACA]],DitrbFlota[PLACA],DitrbFlota[Inicio Operación]) -> 45003
A90: US2 | B90: SPZY53 | C90: 7080 | D90: BE | E90: FOB | F90: FOTON | G90: JUANITA | H90: =_xlfn.XLOOKUP(OMJNT[[#This Row],[PLACA]],DitrbFlota[PLACA],DitrbFlota[Inicio Operación]) -> 45003
A91: US2 | B91: SPZY55 | C91: 7082 | D91: BE | E91: FOB | F91: FOTON | G91: JUANITA | H91: =_xlfn.XLOOKUP(OMJNT[[#This Row],[PLACA]],DitrbFlota[PLACA],DitrbFlota[Inicio Operación]) -> 45003
A92: US2 | B92: SPZY57 | C92: 7084 | D92: BE | E92: FOB | F92: FOTON | G92: JUANITA | H92: =_xlfn.XLOOKUP(OMJNT[[#This Row],[PLACA]],DitrbFlota[PLACA],DitrbFlota[Inicio Operación]) -> 45003
A93: US2 | B93: SPZY59 | C93: 7086 | D93: BE | E93: FOB | F93: FOTON | G93: JUANITA | H93: 45003
A94: US2 | B94: SPZY61 | C94: 7088 | D94: BE | E94: FOB | F94: FOTON | G94: JUANITA | H94: =_xlfn.XLOOKUP(OMJNT[[#This Row],[PLACA]],DitrbFlota[PLACA],DitrbFlota[Inicio Operación]) -> 45003
A95: US2 | B95: SPZY63 | C95: 7089 | D95: BE | E95: FOB | F95: FOTON | G95: JUANITA | H95: 45003
A96: US2 | B96: SPZY68 | C96: 7094 | D96: BE | E96: FOB | F96: FOTON | G96: JUANITA | H96: 45003
A97: US2 | B97: SRVJ10 | C97: 7108 | D97: BE | E97: FOB | F97: FOTON | G97: JUANITA | H97: 45003
A98: US2 | B98: SRVF74 | C98: 7121 | D98: BE | E98: FR | F98: FOTON | G98: JUANITA | H98: 45024
A99: US2 | B99: SRVF76 | C99: 7122 | D99: BE | E99: FR | F99: FOTON | G99: JUANITA | H99: 45024
A100: US2 | B100: SRVF79 | C100: 7123 | D100: BE | E100: FR | F100: FOTON | G100: JUANITA | H100: 45024
A101: US2 | B101: SRVF81 | C101: 7124 | D101: BE | E101: FR | F101: FOTON | G101: JUANITA | H101: 45024
A102: US2 | B102: SRVF83 | C102: 7125 | D102: BE | E102: FR | F102: FOTON | G102: JUANITA | H102: 45024
A103: US2 | B103: SRVF84 | C103: 7126 | D103: BE | E103: FOB | F103: FOTON | G103: JUANITA | H103: 45024
A104: US2 | B104: SRVF90 | C104: 7127 | D104: BE | E104: FOB | F104: FOTON | G104: JUANITA | H104: 45024
A105: US2 | B105: SRVF96 | C105: 7128 | D105: BE | E105: FOB | F105: FOTON | G105: JUANITA | H105: 45024
A106: US2 | B106: SRVG10 | C106: 7129 | D106: BE | E106: FOB | F106: FOTON | G106: JUANITA | H106: 45024
... A173: US2 | B173: TXZH45 | C173: 7196 | D173: BE | E173: FR | F173: FOTON | G173: JUANITA | H173: 45692

Sheet Flota Soporte
A1: EMPRESA | B1: PLACA | C1: INTERNO | D1: TIPO BUS | E1: TIPO FLOTA | F1: MARCA CHASIS | G1: TERMINAL APOYO | H1: Inicio Operación | I1: Observaciones | J1: ACTUALIZACIÓN | K1: 46184
A2: US1 | B2: FLXP66 | C2: 2026 | D2: BPAL | E2: FS | F2: MERCEDES BENZ | G2: STA MARTA | H2: 45024
A3: US1 | B3: FLXP67 | C3: 2027 | D3: BPAL | E3: FS | F3: MERCEDES BENZ | G3: STA MARTA | H3: 45024 | I3: Bus FS / eliminado del consolidado
A4: US1 | B4: FLXP68 | C4: 2028 | D4: BPAL | E4: FS | F4: MERCEDES BENZ | G4: STA MARTA | H4: 45024
A5: US1 | B5: FLXP69 | C5: 2029 | D5: BPAL | E5: FS | F5: MERCEDES BENZ | G5: STA MARTA | H5: 45024
A6: US1 | B6: FLXP70 | C6: 2030 | D6: BPAL | E6: FS | F6: MERCEDES BENZ | G6: STA MARTA | H6: 45024
A7: US1 | B7: FLXP71 | C7: 2031 | D7: BPAL | E7: FS | F7: MERCEDES BENZ | G7: STA MARTA | H7: 45024
A8: US1 | B8: FLXP72 | C8: 2032 | D8: BPAL | E8: FS | F8: MERCEDES BENZ | G8: STA MARTA | H8: 45024
A9: US1 | B9: FLXP73 | C9: 2033 | D9: BPAL | E9: FS | F9: MERCEDES BENZ | G9: STA MARTA | H9: 45024
A10: US1 | B10: FLXP75 | C10: 2034 | D10: BPAL | E10: FS | F10: MERCEDES BENZ | G10: STA MARTA | H10: 45024
A11: US1 | B11: FLXP76 | C11: 2035 | D11: BPAL | E11: FS | F11: MERCEDES BENZ | G11: STA MARTA | H11: 45024
A12: US1 | B12: FLXP77 | C12: 2036 | D12: BPAL | E12: FS | F12: MERCEDES BENZ | G12: STA MARTA | H12: 45024
A13: US1 | B13: FLXP78 | C13: 2037 | D13: BPAL | E13: FS | F13: MERCEDES BENZ | G13: STA MARTA | H13: 45024
A14: US1 | B14: FLXP79 | C14: 2038 | D14: BPAL | E14: FS | F14: MERCEDES BENZ | G14: STA MARTA | H14: 45024
A15: US1 | B15: FLXP80 | C15: 2039 | D15: BPAL | E15: FS | F15: MERCEDES BENZ | G15: STA MARTA | H15: 45024
... A21: US2 | B21: FLXR76 | C21: 6019 | D21: BPAL | E21: FS | F21: MERCEDES BENZ | G21: A. LUCO | H21: 45024
A22: US2 | B22: FLXR77 | C22: 6020 | D22: BPAL | E22: FS | F22: MERCEDES BENZ | G22: A. LUCO | H22: 45024 | I22: BUS PRÉSTAMO DE PIE ANDINO
A23: US2 | B23: FLXS32 | C23: 6021 | D23: BPAL | E23: FS | F23: MERCEDES BENZ | G23: A. LUCO | H23: 45024 | I23: BUS PRÉSTAMO DE PIE ANDINO
A24: US2 | B24: FLXS38 | C24: 6023 | D24: BPAL | E24: FS | F24: MERCEDES BENZ | G24: A. LUCO | H24: 45024 | I24: BUS PRÉSTAMO DE PIE ANDINO
A25: US2 | B25: FLXS41 | C25: 6026 | D25: BPAL | E25: FS | F25: MERCEDES BENZ | G25: A. LUCO | H25: 45024 | I25: BUS PRÉSTAMO DE PIE ANDINO
A26: US2 | B26: FLXS33 | C26: 6022 | D26: BPAL | E26: FS | F26: MERCEDES BENZ | G26: A. LUCO | H26: 45024 | I26: BUS PRÉSTAMO DE PIE ANDINO
A27: US2 | B27: FLXS39 | C27: 6024 | D27: BPAL | E27: FS | F27: MERCEDES BENZ | G27: A. LUCO | H27: 45024 | I27: BUS PRÉSTAMO DE PIE ANDINO
A28: US2 | B28: FLXS40 | C28: 6025 | D28: BPAL | E28: FS | F28: MERCEDES BENZ | G28: A. LUCO | H28: 45024 | I28: BUS PRÉSTAMO DE PIE ANDINO

Sheet Flota Auxiliar
A1: EMPRESA | B1: PLACA | C1: INTERNO | D1: TIPO BUS | E1: TIPO FLOTA | F1: MARCA CHASIS | G1: TERMINAL APOYO | H1: Inicio Operación | I1: ORIGEN | J1: Observaciones | K1: ACTUALIZACIÓN | L1: 46184
A2: US1 | B2: FLXS60 | C2: 2017 | D2: BPAL | E2: FAUX | F2: MERCEDES BENZ | G2: STA MARTA | H2: 45038 | I2: PROVISIÓN | J2: 45694
A3: US1 | B3: FLXS62 | C3: 2019 | D3: BPAL | E3: FAUX | F3: MERCEDES BENZ | G3: STA MARTA | H3: 45038 | I3: PROVISIÓN | J3: 45694

Sheet Tablas
A3: TERMINAL OP | B3: MARCA CHASIS | C3: TIPO BUS | D3: Cuenta de INTERNO | G3: Cuenta de TERMINAL OP | H3: Etiquetas de columna
A4: A. LUCO | B4: MERCEDES BENZ | C4: BPAL | D4: 25 | G4: Etiquetas de fila | H4: A2 | I4: B2 | J4: BE | K4: BPAL | L4: C2 | M4: Total general
A5: A. LUCO | B5: VOLVO | C5: A2 | D5: 6 | G5: US1 | H5: 37 | I5: 71 | J5: 141 | K5: 45 | L5: 69 | M5: 363
A6: A. LUCO | B6: VOLVO | C6: B2 | D6: 33 | G6: CONDELL | H6: 10 | I6: 12 | J6: 75 | L6: 31 | M6: 128
A7: CONDELL | B7: FOTON | C7: BE | D7: 75 | G7: EL RETIRO | H7: 11 | I7: 28 | L7: 19 | M7: 58
A8: CONDELL | B8: MERCEDES BENZ | C8: B2 | D8: 12 | G8: SANTA MARGARITA | I8: 9 | L8: 19 | M8: 28
A9: CONDELL | B9: MERCEDES BENZ | C9: C2 | D9: 24 | G9: STA MARTA | H9: 16 | I9: 22 | J9: 66 | K9: 45 | M9: 149
A10: CONDELL | B10: VOLVO | C10: A2 | D10: 10 | G10: US2 | H10: 21 | I10: 132 | J10: 199 | K10: 25 | M10: 377
A11: CONDELL | B11: VOLVO | C11: C2 | D11: 7 | G11: A. LUCO | H11: 6 | I11: 33 | K11: 25 | M11: 64
A12: EL RETIRO | B12: SCANIA | C12: B2 | D12: 28 | G12: PIE ANDINO | H12: 15 | I12: 39 | J12: 77 | M12: 131
A13: EL RETIRO | B13: VOLVO | C13: A2 | D13: 11 | G13: JUANITA | I13: 60 | J13: 122 | M13: 182
A14: EL RETIRO | B14: VOLVO | C14: C2 | D14: 19 | G14: Total general | H14: 58 | I14: 203 | J14: 340 | K14: 70 | L14: 69 | M14: 740
A15: JUANITA | B15: FOTON | C15: BE | D15: 97
A16: JUANITA | B16: MERCEDES BENZ | C16: B2 | D16: 60
A17: JUANITA | B17: YUTONG | C17: BE | D17: 25
A18: PIE ANDINO | B18: FOTON | C18: BE | D18: 77
A19: PIE ANDINO | B19: MERCEDES BENZ | C19: B2 | D19: 2 | G19: Cuenta de PLACA | H19: Etiquetas de columna
A20: PIE ANDINO | B20: VOLVO | C20: A2 | D20: 15 | G20: Etiquetas de fila | H20: FOTON | I20: MERCEDES BENZ | J20: SCANIA | K20: VOLVO | L20: YUTONG | M20: Total general
A21: PIE ANDINO | B21: VOLVO | C21: B2 | D21: 37 | G21: US1 | H21: 141 | I21: 100 | J21: 40 | K21: 82 | M21: 363
A22: SANTA MARGARITA | B22: SCANIA | C22: B2 | D22: 9 | G22: ALCON | H22: 75 | I22: 36 | K22: 17 | M22: 128
A23: SANTA MARGARITA | B23: VOLVO | C23: C2 | D23: 19 | G23: ALRET | J23: 37 | K23: 49 | M23: 86
A24: STA MARTA | B24: FOTON | C24: BE | D24: 66 | G24: ALSMT | H24: 66 | I24: 64 | J24: 3 | K24: 16 | M24: 149
A25: STA MARTA | B25: MERCEDES BENZ | C25: B2 | D25: 22 | G25: US2 | H25: 174 | I25: 87 | K25: 91 | L25: 25 | M25: 377
A26: STA MARTA | B26: MERCEDES BENZ | C26: BPAL | D26: 42 | G26: OMJJA | I26: 25 | K26: 39 | M26: 64
A27: STA MARTA | B27: SCANIA | C27: BPAL | D27: 3 | G27: OMJNT | H27: 97 | I27: 50 | L27: 25 | M27: 172
A28: STA MARTA | B28: VOLVO | C28: A2 | D28: 16 | G28: OMPAN | H28: 77 | I28: 12 | K28: 52 | M28: 141
A29: Total general | D29: 740 | G29: Total general | H29: 315 | I29: 187 | J29: 40 | K29: 173 | L29: 25 | M29: 740
G41: Cuenta de ORIGEN | H41: Etiquetas de columna
G42: Etiquetas de fila | H42: FOB | I42: FR | J42: FS | K42: FAUX | L42: Total general | M42: US1
G43: US1 | H43: 308 | I43: 37 | J43: 16 | K43: 2 | L43: 363 | M43: FOB | N43: =GETPIVOTDATA("ORIGEN",$G$41,"EMPRESA","US1","TIPO FLOTA","FOB")/GETPIVOTDATA("ORIGEN",$G$41,"EMPRESA","US1") -> 0.84848485
G44: CONDELL | H44: 84 | I44: 21 | L44: 105 | M44: FR | N44: =I43/H43 -> 0.12012987
G45: EL RETIRO | H45: 78 | I45: 3 | L45: 81 | M45: FS | N45: =GETPIVOTDATA("ORIGEN",$G$41,"EMPRESA","US1","TIPO FLOTA","FS")/GETPIVOTDATA("ORIGEN",$G$41,"EMPRESA","US1") -> 0.044077135
G46: SANTA MARGARITA | H46: 28 | L46: 28
G47: STA MARTA | H47: 118 | I47: 13 | J47: 16 | K47: 2 | L47: 149 | M47: US2
G48: US2 | H48: 336 | I48: 30 | J48: 11 | L48: 377 | M48: FOB | N48: =GETPIVOTDATA("ORIGEN",$G$41,"EMPRESA","US2","TIPO FLOTA","FOB")/GETPIVOTDATA("ORIGEN",$G$41,"EMPRESA","US2") -> 0.89124668
G49: A. LUCO | H49: 51 | I49: 2 | J49: 11 | L49: 64 | M49: FR | N49: =I48/H48 -> 0.089285714
G50: JUANITA | H50: 164 | I50: 20 | L50: 184 | M50: FS | N50: =GETPIVOTDATA("ORIGEN",$G$41,"EMPRESA","US2","TIPO FLOTA","FS")/GETPIVOTDATA("ORIGEN",$G$41,"EMPRESA","US2") -> 0.029177719
G51: PIE ANDINO | H51: 121 | I51: 8 | L51: 129
G52: Total general | H52: 644 | I52: 67 | J52: 27 | K52: 2 | L52: 740

Sheet Dinámicas
C2: ALFA | K2: OMEGA
C4: El Retiro | D4: Cantidad | F4: Sta Margarita | G4: Cantidad | K4: A Luco | L4: Cantidad | N4: Pie Andino | O4: Cantidad
C5: A2 | D5: 11 | F5: B2 | G5: 9 | K5: A2 | L5: 6 | N5: A2 | O5: 15
C6: VOLVO | D6: 11 | F6: SCANIA | G6: 9 | K6: VOLVO | L6: 6 | N6: VOLVO | O6: 15
C7: B2 | D7: 28 | F7: C2 | G7: 19 | K7: FOB | L7: 6 | N7: FOB | O7: 15
C8: SCANIA | D8: 28 | F8: VOLVO | G8: 19 | K8: B2 | L8: 33 | N8: B2 | O8: 49
C9: C2 | D9: 19 | F9: Total general | G9: 28 | K9: VOLVO | L9: 33 | N9: MERCEDES BENZ | O9: 12
C10: VOLVO | D10: 19 | K10: FOB | L10: 32 | N10: VOLVO | O10: 37
C11: Total general | D11: 58 | F11: Coca-Cola | G11: Cantidad | K11: FR | L11: 1 | N11: FOB | O11: 34
F12: (en blanco) | K12: BPAL | L12: 24 | N12: FR | O12: 3
F13: (en blanco) | K13: MERCEDES BENZ | L13: 24 | N13: BE | O13: 77
F14: (en blanco) | K14: FOB | L14: 12 | N14: FOTON | O14: 77
C15: Condell | D15: Cantidad | F15: Total general | K15: FR | L15: 1 | N15: Total general | O15: 141
C16: A2 | D16: 10 | K16: FS | L16: 11
C17: VOLVO | D17: 10 | F17: Sta Marta | G17: Cantidad | K17: Total general | L17: 63
C18: B2 | D18: 12 | F18: B2 | G18: 22
C19: MERCEDES BENZ | D19: 12 | F19: MERCEDES BENZ | G19: 22
C20: BE | D20: 75 | F20: FOB | G20: 18
C21: FOTON | D21: 75 | F21: FR | G21: 4
C22: FOB | D22: 57 | F22: BPAL | G22: 43 | K22: Juanita | L22: Cantidad
C23: FR | D23: 18 | F23: SCANIA | G23: 3 | K23: B2 | L23: 50
C24: C2 | D24: 31 | F24: FOB | G24: 2 | K24: MERCEDES BENZ | L24: 50
C25: MERCEDES BENZ | D25: 24 | F25: FR | G25: 1 | K25: FOB | L25: 49
C26: VOLVO | D26: 7 | F26: MERCEDES BENZ | G26: 40 | K26: FR | L26: 1
C27: Total general | D27: 128 | F27: FOB | G27: 22 | K27: BE | L27: 122
F28: FR | G28: 2 | K28: FOTON | L28: 97
F29: FS | G29: 16 | K29: YUTONG | L29: 25
F30: A2 | G30: 16 | K30: Total general | L30: 172
F31: VOLVO | G31: 16
F32: FOB | G32: 16
F33: BE | G33: 66
F34: FOTON | G34: 66
F35: FOB | G35: 60
F36: FR | G36: 6
F37: Total general | G37: 147

Sheet Resumen Distribución
D1: BE-FOTON | E1: A2-VOLVO | F1: B2-VOLVO | G1: C2-VOLVO | H1: B2-MERCEDES BENZ | I1: BPAL-MERCEDES BENZ | J1: C2-MERCEDES BENZ | K1: B2-SCANIA | L1: BPAL-SCANIA | M1: BE-YUTONG
B2: Empresa | C2: Terminal | D2: Foton | E2: Volvo | H2: Mercedes Benz | K2: Scania | M2: Yutong | N2: Total | S2: Terminal | T2: PPU | U2: Modelo | V2: Motivo | W2: Observación
D3: BE | E3: A2 | F3: B2 | G3: C2 | H3: B2 | I3: BPAL | J3: C2 | K3: B2 | L3: BPAL | M3: BE | S3: Santa Marta | T3: FLXS62 | U3: MB - BPAL | V3: Sistema de Motor | W3: MOTOR MALO
A4: EL RETIRO | B4: Alfa | C4: El Retiro | D4: =COUNTIFS(DitrbFlota[TERMINAL OP],'Resumen Distribución'!$A4,DitrbFlota[Busqueda],'Resumen Distribución'!D$1) -> 0 | E4: =COUNTIFS(DitrbFlota[TERMINAL OP],'Resumen Distribución'!$A4,DitrbFlota[Busqueda],'Resumen Distribución'!E$1) -> 11 | F4: =COUNTIFS(DitrbFlota[TERMINAL OP],'Resumen Distribución'!$A4,DitrbFlota[Busqueda],'Resumen Distribución'!F$1) -> 0 | G4: =COUNTIFS(DitrbFlota[TERMINAL OP],'Resumen Distribución'!$A4,DitrbFlota[Busqueda],'Resumen Distribución'!G$1) -> 19 | H4: =COUNTIFS(DitrbFlota[TERMINAL OP],'Resumen Distribución'!$A4,DitrbFlota[Busqueda],'Resumen Distribución'!H$1) -> 0 | I4: =COUNTIFS(DitrbFlota[TERMINAL OP],'Resumen Distribución'!$A4,DitrbFlota[Busqueda],'Resumen Distribución'!I$1) -> 0 | J4: =COUNTIFS(DitrbFlota[TERMINAL OP],'Resumen Distribución'!$A4,DitrbFlota[Busqueda],'Resumen Distribución'!J$1) -> 0 | K4: =COUNTIFS(DitrbFlota[TERMINAL OP],'Resumen Distribución'!$A4,DitrbFlota[Busqueda],'Resumen Distribución'!K$1) -> 28 | ... M4: =COUNTIFS(DitrbFlota[TERMINAL OP],'Resumen Distribución'!$A4,DitrbFlota[Busqueda],'Resumen Distribución'!M$1) -> 0 | N4: =SUM(D4:M4) -> 58 | S4: Santa Marta | T4: FLXS60 | U4: MB - BPAL | V4: Sistema de Motor | W4: MOTOR MALO
A5: CONDELL | C5: Condell | D5: =COUNTIFS(DitrbFlota[TERMINAL OP],'Resumen Distribución'!$A5,DitrbFlota[Busqueda],'Resumen Distribución'!D$1) -> 75 | E5: =COUNTIFS(DitrbFlota[TERMINAL OP],'Resumen Distribución'!$A5,DitrbFlota[Busqueda],'Resumen Distribución'!E$1) -> 10 | F5: =COUNTIFS(DitrbFlota[TERMINAL OP],'Resumen Distribución'!$A5,DitrbFlota[Busqueda],'Resumen Distribución'!F$1) -> 0 | G5: =COUNTIFS(DitrbFlota[TERMINAL OP],'Resumen Distribución'!$A5,DitrbFlota[Busqueda],'Resumen Distribución'!G$1) -> 7 | H5: =COUNTIFS(DitrbFlota[TERMINAL OP],'Resumen Distribución'!$A5,DitrbFlota[Busqueda],'Resumen Distribución'!H$1) -> 12 | I5: =COUNTIFS(DitrbFlota[TERMINAL OP],'Resumen Distribución'!$A5,DitrbFlota[Busqueda],'Resumen Distribución'!I$1) -> 0 | J5: =COUNTIFS(DitrbFlota[TERMINAL OP],'Resumen Distribución'!$A5,DitrbFlota[Busqueda],'Resumen Distribución'!J$1) -> 24 | K5: =COUNTIFS(DitrbFlota[TERMINAL OP],'Resumen Distribución'!$A5,DitrbFlota[Busqueda],'Resumen Distribución'!K$1) -> 0 | ... M5: =COUNTIFS(DitrbFlota[TERMINAL OP],'Resumen Distribución'!$A5,DitrbFlota[Busqueda],'Resumen Distribución'!M$1) -> 0 | N5: =SUM(D5:M5) -> 128 | S5: Condell | T5: LFGJ96 | U5: MB - C2 | V5: Quemado | W5: No Entregado
A6: STA MARTA | C6: Santa Marta | D6: =COUNTIFS(DitrbFlota[TERMINAL OP],'Resumen Distribución'!$A6,DitrbFlota[Busqueda],'Resumen Distribución'!D$1) -> 66 | E6: =COUNTIFS(DitrbFlota[TERMINAL OP],'Resumen Distribución'!$A6,DitrbFlota[Busqueda],'Resumen Distribución'!E$1) -> 16 | F6: =COUNTIFS(DitrbFlota[TERMINAL OP],'Resumen Distribución'!$A6,DitrbFlota[Busqueda],'Resumen Distribución'!F$1) -> 0 | G6: =COUNTIFS(DitrbFlota[TERMINAL OP],'Resumen Distribución'!$A6,DitrbFlota[Busqueda],'Resumen Distribución'!G$1) -> 0 | H6: =COUNTIFS(DitrbFlota[TERMINAL OP],'Resumen Distribución'!$A6,DitrbFlota[Busqueda],'Resumen Distribución'!H$1) -> 22 | I6: =COUNTIFS(DitrbFlota[TERMINAL OP],'Resumen Distribución'!$A6,DitrbFlota[Busqueda],'Resumen Distribución'!I$1) -> 42 | J6: =COUNTIFS(DitrbFlota[TERMINAL OP],'Resumen Distribución'!$A6,DitrbFlota[Busqueda],'Resumen Distribución'!J$1) -> 0 | K6: =COUNTIFS(DitrbFlota[TERMINAL OP],'Resumen Distribución'!$A6,DitrbFlota[Busqueda],'Resumen Distribución'!K$1) -> 0 | ... M6: =COUNTIFS(DitrbFlota[TERMINAL OP],'Resumen Distribución'!$A6,DitrbFlota[Busqueda],'Resumen Distribución'!M$1) -> 0 | N6: =SUM(D6:M6) -> 149 | S6: Aguirre Luco | T6: SHCW73 | U6: Volvo - B2 | V6: SINIESTRO | W6: Bus Quemado
A7: SANTA MARGARITA | C7: Santa Margarita | D7: =COUNTIFS(DitrbFlota[TERMINAL OP],'Resumen Distribución'!$A7,DitrbFlota[Busqueda],'Resumen Distribución'!D$1) -> 0 | E7: =COUNTIFS(DitrbFlota[TERMINAL OP],'Resumen Distribución'!$A7,DitrbFlota[Busqueda],'Resumen Distribución'!E$1) -> 0 | F7: =COUNTIFS(DitrbFlota[TERMINAL OP],'Resumen Distribución'!$A7,DitrbFlota[Busqueda],'Resumen Distribución'!F$1) -> 0 | G7: =COUNTIFS(DitrbFlota[TERMINAL OP],'Resumen Distribución'!$A7,DitrbFlota[Busqueda],'Resumen Distribución'!G$1) -> 19 | H7: =COUNTIFS(DitrbFlota[TERMINAL OP],'Resumen Distribución'!$A7,DitrbFlota[Busqueda],'Resumen Distribución'!H$1) -> 0 | I7: =COUNTIFS(DitrbFlota[TERMINAL OP],'Resumen Distribución'!$A7,DitrbFlota[Busqueda],'Resumen Distribución'!I$1) -> 0 | J7: =COUNTIFS(DitrbFlota[TERMINAL OP],'Resumen Distribución'!$A7,DitrbFlota[Busqueda],'Resumen Distribución'!J$1) -> 0 | K7: =COUNTIFS(DitrbFlota[TERMINAL OP],'Resumen Distribución'!$A7,DitrbFlota[Busqueda],'Resumen Distribución'!K$1) -> 9 | ... M7: =COUNTIFS(DitrbFlota[TERMINAL OP],'Resumen Distribución'!$A7,DitrbFlota[Busqueda],'Resumen Distribución'!M$1) -> 0 | N7: =SUM(D7:M7) -> 28 | S7: Aguirre Luco | T7: SHCX41 | U7: Volvo - A2 | V7: SINIESTRO | W7: Bus Quemado
A8: A. LUCO | B8: Omega | C8: Aguirre Luco | D8: =COUNTIFS(DitrbFlota[TERMINAL OP],'Resumen Distribución'!$A8,DitrbFlota[Busqueda],'Resumen Distribución'!D$1) -> 0 | E8: =COUNTIFS(DitrbFlota[TERMINAL OP],'Resumen Distribución'!$A8,DitrbFlota[Busqueda],'Resumen Distribución'!E$1) -> 6 | F8: =COUNTIFS(DitrbFlota[TERMINAL OP],'Resumen Distribución'!$A8,DitrbFlota[Busqueda],'Resumen Distribución'!F$1) -> 33 | G8: =COUNTIFS(DitrbFlota[TERMINAL OP],'Resumen Distribución'!$A8,DitrbFlota[Busqueda],'Resumen Distribución'!G$1) -> 0 | H8: =COUNTIFS(DitrbFlota[TERMINAL OP],'Resumen Distribución'!$A8,DitrbFlota[Busqueda],'Resumen Distribución'!H$1) -> 0 | I8: =COUNTIFS(DitrbFlota[TERMINAL OP],'Resumen Distribución'!$A8,DitrbFlota[Busqueda],'Resumen Distribución'!I$1) -> 25 | J8: =COUNTIFS(DitrbFlota[TERMINAL OP],'Resumen Distribución'!$A8,DitrbFlota[Busqueda],'Resumen Distribución'!J$1) -> 0 | K8: =COUNTIFS(DitrbFlota[TERMINAL OP],'Resumen Distribución'!$A8,DitrbFlota[Busqueda],'Resumen Distribución'!K$1) -> 0 | ... M8: =COUNTIFS(DitrbFlota[TERMINAL OP],'Resumen Distribución'!$A8,DitrbFlota[Busqueda],'Resumen Distribución'!M$1) -> 0 | N8: =SUM(D8:M8) -> 64 | S8: Pie Andino | T8: SHCY48 | U8: Volvo - A2 | V8: SINIESTRO | W8: Bus Quemado
A9: PIE ANDINO | C9: Pie Andino | D9: =COUNTIFS(DitrbFlota[TERMINAL OP],'Resumen Distribución'!$A9,DitrbFlota[Busqueda],'Resumen Distribución'!D$1) -> 75 | E9: =COUNTIFS(DitrbFlota[TERMINAL OP],'Resumen Distribución'!$A9,DitrbFlota[Busqueda],'Resumen Distribución'!E$1) -> 15 | F9: =COUNTIFS(DitrbFlota[TERMINAL OP],'Resumen Distribución'!$A9,DitrbFlota[Busqueda],'Resumen Distribución'!F$1) -> 37 | G9: =COUNTIFS(DitrbFlota[TERMINAL OP],'Resumen Distribución'!$A9,DitrbFlota[Busqueda],'Resumen Distribución'!G$1) -> 0 | H9: =COUNTIFS(DitrbFlota[TERMINAL OP],'Resumen Distribución'!$A9,DitrbFlota[Busqueda],'Resumen Distribución'!H$1) -> 2 | I9: =COUNTIFS(DitrbFlota[TERMINAL OP],'Resumen Distribución'!$A9,DitrbFlota[Busqueda],'Resumen Distribución'!I$1) -> 0 | J9: =COUNTIFS(DitrbFlota[TERMINAL OP],'Resumen Distribución'!$A9,DitrbFlota[Busqueda],'Resumen Distribución'!J$1) -> 0 | K9: =COUNTIFS(DitrbFlota[TERMINAL OP],'Resumen Distribución'!$A9,DitrbFlota[Busqueda],'Resumen Distribución'!K$1) -> 0 | ... M9: =COUNTIFS(DitrbFlota[TERMINAL OP],'Resumen Distribución'!$A9,DitrbFlota[Busqueda],'Resumen Distribución'!M$1) -> 0 | N9: =SUM(D9:M9) -> 129 | S9: Juanita | T9: LCPG35 | U9: MB - B2 | V9: MOTOR | W9: No Entregado
A10: JUANITA | C10: Juanita | D10: =COUNTIFS(DitrbFlota[TERMINAL OP],'Resumen Distribución'!$A10,DitrbFlota[Busqueda],'Resumen Distribución'!D$1) -> 99 | E10: =COUNTIFS(DitrbFlota[TERMINAL OP],'Resumen Distribución'!$A10,DitrbFlota[Busqueda],'Resumen Distribución'!E$1) -> 0 | F10: =COUNTIFS(DitrbFlota[TERMINAL OP],'Resumen Distribución'!$A10,DitrbFlota[Busqueda],'Resumen Distribución'!F$1) -> 0 | G10: =COUNTIFS(DitrbFlota[TERMINAL OP],'Resumen Distribución'!$A10,DitrbFlota[Busqueda],'Resumen Distribución'!G$1) -> 0 | H10: =COUNTIFS(DitrbFlota[TERMINAL OP],'Resumen Distribución'!$A10,DitrbFlota[Busqueda],'Resumen Distribución'!H$1) -> 60 | I10: =COUNTIFS(DitrbFlota[TERMINAL OP],'Resumen Distribución'!$A10,DitrbFlota[Busqueda],'Resumen Distribución'!I$1) -> 0 | J10: =COUNTIFS(DitrbFlota[TERMINAL OP],'Resumen Distribución'!$A10,DitrbFlota[Busqueda],'Resumen Distribución'!J$1) -> 0 | K10: =COUNTIFS(DitrbFlota[TERMINAL OP],'Resumen Distribución'!$A10,DitrbFlota[Busqueda],'Resumen Distribución'!K$1) -> 0 | ... M10: =COUNTIFS(DitrbFlota[TERMINAL OP],'Resumen Distribución'!$A10,DitrbFlota[Busqueda],'Resumen Distribución'!M$1) -> 25 | N10: =SUM(D10:M10) -> 184
B11: Total | D11: =SUM(D4:D10) -> 315 | E11: =SUM(E4:E10) -> 58 | F11: =SUM(F4:F10) -> 70 | G11: =SUM(G4:G10) -> 45 | H11: =SUM(H4:H10) -> 96 | I11: =SUM(I4:I10) -> 67 | J11: =SUM(J4:J10) -> 24 | K11: =SUM(K4:K10) -> 37 | ... M11: =SUM(M4:M10) -> 25 | N11: =SUM(D11:M11) -> 740
A13: Para envia
B14: Inicio Operación | C14: Terminal
B15: 44912 | C15: EL RETIRO
B16: 44928 | C16: STA MARGARITA
B17: 44933 | C17: CONDELL
B18: 44982 | C18: A. LUCO
B19: 44991 | C19: CONDELL
B20: 45003 | C20: PIE ANDINO
B21: 45007 | C21: CONDELL
B22: 45024 | C22: JUANITA
B23: 45038 | C23: SANTA MARTA
B34: Empresa | C34: Terminal | D34: Foton | E34: Volvo | H34: Mercedes Benz | K34: Scania | M34: Yutong
D35: BE | E35: A2 | F35: B2 | G35: C2 | H35: B2 | I35: BPAL | J35: C2 | K35: B2 | L35: BPAL | M35: BE
B36: Alfa | C36: El Retiro | D36: =+IFERROR(D4/D$11,0) -> 0 | E36: =+IFERROR(E4/E$11,0) -> 0.18965517 | F36: =+IFERROR(F4/F$11,0) -> 0 | G36: =+IFERROR(G4/G$11,0) -> 0.42222222 | H36: =+IFERROR(H4/H$11,0) -> 0 | I36: =+IFERROR(I4/I$11,0) -> 0 | J36: =+IFERROR(J4/J$11,0) -> 0 | K36: =+IFERROR(K4/K$11,0) -> 0.75675676 | ... M36: =+IFERROR(M4/M$11,0) -> 0
C37: Condell | D37: =+IFERROR(D5/D$11,0) -> 0.23809524 | E37: =+IFERROR(E5/E$11,0) -> 0.17241379 | F37: =+IFERROR(F5/F$11,0) -> 0 | G37: =+IFERROR(G5/G$11,0) -> 0.15555556 | H37: =+IFERROR(H5/H$11,0) -> 0.125 | I37: =+IFERROR(I5/I$11,0) -> 0 | J37: =+IFERROR(J5/J$11,0) -> 1 | K37: =+IFERROR(K5/K$11,0) -> 0 | ... M37: =+IFERROR(M5/M$11,0) -> 0
C38: Santa Marta | D38: =+IFERROR(D6/D$11,0) -> 0.20952381 | E38: =+IFERROR(E6/E$11,0) -> 0.27586207 | F38: =+IFERROR(F6/F$11,0) -> 0 | G38: =+IFERROR(G6/G$11,0) -> 0 | H38: =+IFERROR(H6/H$11,0) -> 0.22916667 | I38: =+IFERROR(I6/I$11,0) -> 0.62686567 | J38: =+IFERROR(J6/J$11,0) -> 0 | K38: =+IFERROR(K6/K$11,0) -> 0 | ... M38: =+IFERROR(M6/M$11,0) -> 0
C39: Santa Margarita | D39: =+IFERROR(D7/D$11,0) -> 0 | E39: =+IFERROR(E7/E$11,0) -> 0 | F39: =+IFERROR(F7/F$11,0) -> 0 | G39: =+IFERROR(G7/G$11,0) -> 0.42222222 | H39: =+IFERROR(H7/H$11,0) -> 0 | I39: =+IFERROR(I7/I$11,0) -> 0 | J39: =+IFERROR(J7/J$11,0) -> 0 | K39: =+IFERROR(K7/K$11,0) -> 0.24324324 | ... M39: =+IFERROR(M7/M$11,0) -> 0
B40: Omega | C40: Aguirre Luco | D40: =+IFERROR(D8/D$11,0) -> 0 | E40: =+IFERROR(E8/E$11,0) -> 0.10344828 | F40: =+IFERROR(F8/F$11,0) -> 0.47142857 | G40: =+IFERROR(G8/G$11,0) -> 0 | H40: =+IFERROR(H8/H$11,0) -> 0 | I40: =+IFERROR(I8/I$11,0) -> 0.37313433 | J40: =+IFERROR(J8/J$11,0) -> 0 | K40: =+IFERROR(K8/K$11,0) -> 0 | ... M40: =+IFERROR(M8/M$11,0) -> 0
C41: Pie Andino | D41: =+IFERROR(D9/D$11,0) -> 0.23809524 | E41: =+IFERROR(E9/E$11,0) -> 0.25862069 | F41: =+IFERROR(F9/F$11,0) -> 0.52857143 | G41: =+IFERROR(G9/G$11,0) -> 0 | H41: =+IFERROR(H9/H$11,0) -> 0.020833333 | I41: =+IFERROR(I9/I$11,0) -> 0 | J41: =+IFERROR(J9/J$11,0) -> 0 | K41: =+IFERROR(K9/K$11,0) -> 0 | ... M41: =+IFERROR(M9/M$11,0) -> 0
C42: Juanita | D42: =+IFERROR(D10/D$11,0) -> 0.31428571 | E42: =+IFERROR(E10/E$11,0) -> 0 | F42: =+IFERROR(F10/F$11,0) -> 0 | G42: =+IFERROR(G10/G$11,0) -> 0 | H42: =+IFERROR(H10/H$11,0) -> 0.625 | I42: =+IFERROR(I10/I$11,0) -> 0 | J42: =+IFERROR(J10/J$11,0) -> 0 | K42: =+IFERROR(K10/K$11,0) -> 0 | ... M42: =+IFERROR(M10/M$11,0) -> 1
B43: Total | D43: =SUM(D36:D42) -> 1 | E43: =SUM(E36:E42) -> 1 | F43: =SUM(F36:F42) -> 1 | G43: =SUM(G36:G42) -> 1 | H43: =SUM(H36:H42) -> 1 | I43: =SUM(I36:I42) -> 1 | J43: =SUM(J36:J42) -> 1 | K43: =SUM(K36:K42) -> 1 | ... M43: =SUM(M36:M42) -> 1
B47: Empresa | C47: Terminal | D47: Foton | E47: Volvo | H47: Mercedes Benz | K47: Scania | M47: Yutong
D48: BE | E48: A2 | F48: B2 | G48: C2 | H48: B2 | I48: BPAL | J48: C2 | K48: B2 | L48: BPAL | M48: BE
B49: Alfa | C49: El Retiro | D49: =+IFERROR(D4/$N4,0) -> 0 | E49: =+IFERROR(E4/$N4,0) -> 0.18965517 | F49: =+IFERROR(F4/$N4,0) -> 0 | G49: =+IFERROR(G4/$N4,0) -> 0.32758621 | H49: =+IFERROR(H4/$N4,0) -> 0 | I49: =+IFERROR(I4/$N4,0) -> 0 | J49: =+IFERROR(J4/$N4,0) -> 0 | K49: =+IFERROR(K4/$N4,0) -> 0.48275862 | ... M49: =+IFERROR(M4/$N4,0) -> 0 | N49: =+SUM(D49:M49) -> 1
C50: Condell | D50: =+IFERROR(D5/$N5,0) -> 0.5859375 | E50: =+IFERROR(E5/$N5,0) -> 0.078125 | F50: =+IFERROR(F5/$N5,0) -> 0 | G50: =+IFERROR(G5/$N5,0) -> 0.0546875 | H50: =+IFERROR(H5/$N5,0) -> 0.09375 | I50: =+IFERROR(I5/$N5,0) -> 0 | J50: =+IFERROR(J5/$N5,0) -> 0.1875 | K50: =+IFERROR(K5/$N5,0) -> 0 | ... M50: =+IFERROR(M5/$N5,0) -> 0 | N50: =+SUM(D50:M50) -> 1
C51: Santa Marta | D51: =+IFERROR(D6/$N6,0) -> 0.44295302 | E51: =+IFERROR(E6/$N6,0) -> 0.10738255 | F51: =+IFERROR(F6/$N6,0) -> 0 | G51: =+IFERROR(G6/$N6,0) -> 0 | H51: =+IFERROR(H6/$N6,0) -> 0.14765101 | I51: =+IFERROR(I6/$N6,0) -> 0.28187919 | J51: =+IFERROR(J6/$N6,0) -> 0 | K51: =+IFERROR(K6/$N6,0) -> 0 | ... M51: =+IFERROR(M6/$N6,0) -> 0 | N51: =+SUM(D51:M51) -> 1
C52: Santa Margarita | D52: =+IFERROR(D7/$N7,0) -> 0 | E52: =+IFERROR(E7/$N7,0) -> 0 | F52: =+IFERROR(F7/$N7,0) -> 0 | G52: =+IFERROR(G7/$N7,0) -> 0.67857143 | H52: =+IFERROR(H7/$N7,0) -> 0 | I52: =+IFERROR(I7/$N7,0) -> 0 | J52: =+IFERROR(J7/$N7,0) -> 0 | K52: =+IFERROR(K7/$N7,0) -> 0.32142857 | ... M52: =+IFERROR(M7/$N7,0) -> 0 | N52: =+SUM(D52:M52) -> 1
B53: Omega | C53: Aguirre Luco | D53: =+IFERROR(D8/$N8,0) -> 0 | E53: =+IFERROR(E8/$N8,0) -> 0.09375 | F53: =+IFERROR(F8/$N8,0) -> 0.515625 | G53: =+IFERROR(G8/$N8,0) -> 0 | H53: =+IFERROR(H8/$N8,0) -> 0 | I53: =+IFERROR(I8/$N8,0) -> 0.390625 | J53: =+IFERROR(J8/$N8,0) -> 0 | K53: =+IFERROR(K8/$N8,0) -> 0 | ... M53: =+IFERROR(M8/$N8,0) -> 0 | N53: =+SUM(D53:M53) -> 1
C54: Pie Andino | D54: =+IFERROR(D9/$N9,0) -> 0.58139535 | E54: =+IFERROR(E9/$N9,0) -> 0.11627907 | F54: =+IFERROR(F9/$N9,0) -> 0.28682171 | G54: =+IFERROR(G9/$N9,0) -> 0 | H54: =+IFERROR(H9/$N9,0) -> 0.015503876 | I54: =+IFERROR(I9/$N9,0) -> 0 | J54: =+IFERROR(J9/$N9,0) -> 0 | K54: =+IFERROR(K9/$N9,0) -> 0 | ... M54: =+IFERROR(M9/$N9,0) -> 0 | N54: =+SUM(D54:M54) -> 1
C55: Juanita | D55: =+IFERROR(D10/$N10,0) -> 0.53804348 | E55: =+IFERROR(E10/$N10,0) -> 0 | F55: =+IFERROR(F10/$N10,0) -> 0 | G55: =+IFERROR(G10/$N10,0) -> 0 | H55: =+IFERROR(H10/$N10,0) -> 0.32608696 | I55: =+IFERROR(I10/$N10,0) -> 0 | J55: =+IFERROR(J10/$N10,0) -> 0 | K55: =+IFERROR(K10/$N10,0) -> 0 | ... M55: =+IFERROR(M10/$N10,0) -> 0.13586957 | N55: =+SUM(D55:M55) -> 1
B65: Empresa | C65: Terminal | D65: Foton | E65: Volvo | H65: Mercedes Benz | K65: Scania | M65: Yutong | N65: Total
D66: BE | E66: A2 | F66: B2 | G66: C2 | H66: B2 | I66: BPAL | J66: C2 | K66: B2 | L66: BPAL | M66: BE
B67: Alfa | C67: El Retiro | D67: 0 | E67: 11 | F67: 0 | G67: 19 | H67: 0 | I67: 0 | J67: 0 | K67: 28 | L67: 0 | M67: 0 | N67: =SUM(D67:M67) -> 58
C68: Condell | D68: 75 | E68: 10 | F68: 0 | G68: 7 | H68: 12 | I68: 0 | J68: 24 | K68: 0 | L68: 0 | M68: 0 | N68: =SUM(D68:M68) -> 128
C69: Santa Marta | D69: 66 | E69: 16 | F69: 0 | G69: 0 | H69: 22 | I69: 42 | J69: 0 | K69: 0 | L69: 3 | M69: 0 | N69: =SUM(D69:M69) -> 149
C70: Santa Margarita | D70: 0 | E70: 0 | F70: 0 | G70: 19 | H70: 0 | I70: 0 | J70: 0 | K70: 9 | L70: 0 | M70: 0 | N70: =SUM(D70:M70) -> 28
B71: Omega | C71: Aguirre Luco | D71: 0 | E71: 6 | F71: 33 | G71: 0 | H71: 0 | I71: 25 | J71: 0 | K71: 0 | L71: 0 | M71: 0 | N71: =SUM(D71:M71) -> 64
C72: Pie Andino | D72: 87 | E72: 15 | F72: 37 | G72: 0 | H72: 31 | I72: 0 | J72: 0 | K72: 0 | L72: 0 | M72: 0 | N72: =SUM(D72:M72) -> 170
C73: Juanita | D73: 87 | E73: 0 | F73: 0 | G73: 0 | H73: 31 | I73: 0 | J73: 0 | K73: 0 | L73: 0 | M73: 25 | N73: =SUM(D73:M73) -> 143
B74: Total | D74: =SUM(D67:D73) -> 315 | E74: =SUM(E67:E73) -> 58 | F74: =SUM(F67:F73) -> 70 | G74: =SUM(G67:G73) -> 45 | H74: =SUM(H67:H73) -> 96 | I74: =SUM(I67:I73) -> 67 | J74: =SUM(J67:J73) -> 24 | K74: =SUM(K67:K73) -> 37 | ... N74: =SUM(N67:N73) -> 740

Sheet Hoja3
B2: Empresa | C2: Terminal | D2: Foton | E2: Volvo | H2: Mercedes Benz | K2: Scania | M2: Yutong | N2: Total
D3: BE | E3: A2 | F3: B2 | G3: C2 | H3: B2 | I3: BPAL | J3: C2 | K3: B2 | L3: BPAL | M3: BE
B4: Alfa | C4: El Retiro | D4: 0 | E4: 11 | F4: 0 | G4: 19 | H4: 0 | I4: 0 | J4: 0 | K4: 33 | L4: 0 | M4: 0 | N4: =SUM(D4:M4) -> 63
C5: Condell | D5: 75 | E5: 10 | F5: 0 | G5: 7 | H5: 12 | I5: 0 | J5: 24 | K5: 0 | L5: 0 | M5: 0 | N5: =SUM(D5:M5) -> 128
C6: Santa Marta | D6: 66 | E6: 16 | F6: 0 | G6: 0 | H6: 18 | I6: 39 | J6: 0 | K6: 0 | L6: 3 | M6: 0 | N6: =SUM(D6:M6) -> 142
C7: Santa Margarita | D7: 0 | E7: 0 | F7: 0 | G7: 19 | H7: 4 | I7: 0 | J7: 0 | K7: 5 | L7: 0 | M7: 0 | N7: =SUM(D7:M7) -> 28
B8: Omega | C8: Aguirre Luco | D8: 0 | E8: 6 | F8: 36 | G8: 0 | H8: 0 | I8: 20 | J8: 0 | K8: 0 | L8: 0 | M8: 0 | N8: =SUM(D8:M8) -> 62
C9: Pie Andino | D9: 93 | E9: 15 | F9: 34 | G9: 0 | H9: 26 | I9: 7 | J9: 0 | K9: 0 | L9: 0 | M9: 0 | N9: =SUM(D9:M9) -> 175
C10: Juanita | D10: 82 | E10: 0 | F10: 0 | G10: 0 | H10: 36 | I10: 0 | J10: 0 | K10: 0 | L10: 0 | M10: 25 | N10: =SUM(D10:M10) -> 143
B11: Total | D11: 316 | E11: 58 | F11: 70 | G11: 45 | H11: 96 | I11: 66 | J11: 24 | K11: 38 | L11: 3 | M11: 25 | N11: =SUM(N4:N10) -> 741

Sheet Hoja2
A1: EMPRESA | B1: PATENTE | C1: INTERNO | D1: TIPO DE BUS | E1: MARCA | F1: TERMINAL | G1: Where is it?
A2: US2 | B2: LBTT14 | C2: 6055 | D2: B2D | E2: Mercedes | F2: Juanita | H2: =VLOOKUP(B2,DitrbFlota[PLACA],1,0) -> LBTT14
A3: US2 | B3: LBTT15 | C3: 6056 | D3: B2D | E3: Mercedes | F3: Juanita | H3: =VLOOKUP(B3,DitrbFlota[PLACA],1,0) -> LBTT15
A4: US2 | B4: LBTT16 | C4: 6057 | D4: B2D | E4: Mercedes | F4: Juanita | H4: =VLOOKUP(B4,DitrbFlota[PLACA],1,0) -> LBTT16
A5: US2 | B5: LBTT17 | C5: 6058 | D5: B2D | E5: Mercedes | F5: Juanita | H5: =VLOOKUP(B5,DitrbFlota[PLACA],1,0) -> LBTT17
A6: US2 | B6: LBTT18 | C6: 6059 | D6: B2D | E6: Mercedes | F6: Juanita | H6: =VLOOKUP(B6,DitrbFlota[PLACA],1,0) -> LBTT18
A7: US2 | B7: LBTS80 | C7: 6032 | D7: B2D | E7: Mercedes | F7: Juanita | G7: Reemplazo al LBTT19 | H7: =VLOOKUP(B7,DitrbFlota[PLACA],1,0) -> LBTS80
A8: US2 | B8: LBTT20 | C8: 6061 | D8: B2D | E8: Mercedes | F8: Juanita | H8: =VLOOKUP(B8,DitrbFlota[PLACA],1,0) -> LBTT20
A9: US2 | B9: LBTT21 | C9: 6062 | D9: B2D | E9: Mercedes | F9: Juanita | H9: =VLOOKUP(B9,DitrbFlota[PLACA],1,0) -> LBTT21
A10: US2 | B10: LBTT22 | C10: 6063 | D10: B2D | E10: Mercedes | F10: Juanita | H10: =VLOOKUP(B10,DitrbFlota[PLACA],1,0) -> LBTT22
A11: US2 | B11: LBTT23 | C11: 6064 | D11: B2D | E11: Mercedes | F11: Juanita | H11: =VLOOKUP(B11,DitrbFlota[PLACA],1,0) -> LBTT23
A12: US2 | B12: LBTT24 | C12: 6065 | D12: B2D | E12: Mercedes | F12: Juanita | H12: =VLOOKUP(B12,DitrbFlota[PLACA],1,0) -> LBTT24
A13: US2 | B13: LBTT25 | C13: 6066 | D13: B2D | E13: Mercedes | F13: Juanita | H13: =VLOOKUP(B13,DitrbFlota[PLACA],1,0) -> LBTT25
A14: US2 | B14: LCPG31 | C14: 6067 | D14: B2D | E14: Mercedes | F14: Juanita | H14: =VLOOKUP(B14,DitrbFlota[PLACA],1,0) -> LCPG31
A15: US2 | B15: LCPG32 | C15: 6068 | D15: B2D | E15: Mercedes | F15: Juanita | H15: =VLOOKUP(B15,DitrbFlota[PLACA],1,0) -> LCPG32
A16: US2 | B16: LCPG33 | C16: 6069 | D16: B2D | E16: Mercedes | F16: Juanita | H16: =VLOOKUP(B16,DitrbFlota[PLACA],1,0) -> LCPG33
A17: US2 | B17: LCPG34 | C17: 6070 | D17: B2D | E17: Mercedes | F17: Juanita | H17: =VLOOKUP(B17,DitrbFlota[PLACA],1,0) -> LCPG34
A18: US2 | B18: LCPG34 | C18: 6070 | D18: B2D | E18: Mercedes | F18: Juanita | G18: STP (SINIESTRADO) | H18: =VLOOKUP(B18,DitrbFlota[PLACA],1,0) -> LCPG34
A19: US2 | B19: LCPG36 | C19: 6072 | D19: B2D | E19: Mercedes | F19: Juanita | H19: =VLOOKUP(B19,DitrbFlota[PLACA],1,0) -> LCPG36
A20: US2 | B20: LCPG37 | C20: 6073 | D20: B2D | E20: Mercedes | F20: Juanita | H20: =VLOOKUP(B20,DitrbFlota[PLACA],1,0) -> LCPG37
A21: US2 | B21: LCPG38 | C21: 6074 | D21: B2D | E21: Mercedes | F21: Juanita | H21: =VLOOKUP(B21,DitrbFlota[PLACA],1,0) -> LCPG38
A22: US2 | B22: LCPG39 | C22: 6075 | D22: B2D | E22: Mercedes | F22: Juanita | H22: =VLOOKUP(B22,DitrbFlota[PLACA],1,0) -> LCPG39
A23: US2 | B23: LCPG40 | C23: 6076 | D23: B2D | E23: Mercedes | F23: Juanita | H23: =VLOOKUP(B23,DitrbFlota[PLACA],1,0) -> LCPG40
A24: US2 | B24: LCPG41 | C24: 6077 | D24: B2D | E24: Mercedes | F24: Juanita | H24: =VLOOKUP(B24,DitrbFlota[PLACA],1,0) -> LCPG41
A25: US2 | B25: LCPG42 | C25: 6078 | D25: B2D | E25: Mercedes | F25: Juanita | H25: =VLOOKUP(B25,DitrbFlota[PLACA],1,0) -> LCPG42
A26: US2 | B26: LCPG43 | C26: 6079 | D26: B2D | E26: Mercedes | F26: Juanita | H26: =VLOOKUP(B26,DitrbFlota[PLACA],1,0) -> LCPG43
A27: US2 | B27: LCPG44 | C27: 6080 | D27: B2D | E27: Mercedes | F27: Juanita | H27: =VLOOKUP(B27,DitrbFlota[PLACA],1,0) -> LCPG44
A28: US2 | B28: LCPG45 | C28: 6081 | D28: B2D | E28: Mercedes | F28: Juanita | H28: =VLOOKUP(B28,DitrbFlota[PLACA],1,0) -> LCPG45
A29: US2 | B29: LCPG46 | C29: 6082 | D29: B2D | E29: Mercedes | F29: Juanita | H29: =VLOOKUP(B29,DitrbFlota[PLACA],1,0) -> LCPG46
A30: US2 | B30: LCPG47 | C30: 6083 | D30: B2D | E30: Mercedes | F30: Juanita | H30: =VLOOKUP(B30,DitrbFlota[PLACA],1,0) -> LCPG47
... A126: US2 | B126: STHD50 | C126: 7184 | D126: BE | E126: Foton | F126: Juanita | H126: =VLOOKUP(B126,DitrbFlota[PLACA],1,0) -> STHD50
A127: US2 | B127: STHD26 | C127: 7185 | D127: BE | E127: Foton | F127: Juanita | G127: BUS DE REEMPLAZO | H127: =VLOOKUP(B127,DitrbFlota[PLACA],1,0) -> STHD26
A128: US2 | B128: STHF36 | C128: 7186 | D128: BE | E128: Foton | F128: Juanita | H128: =VLOOKUP(B128,DitrbFlota[PLACA],1,0) -> STHF36
A129: US2 | B129: STHF56 | C129: 7187 | D129: BE | E129: Foton | F129: Juanita | H129: =VLOOKUP(B129,DitrbFlota[PLACA],1,0) -> STHF56
A130: US2 | B130: STHF57 | C130: 7188 | D130: BE | E130: Foton | F130: Juanita | H130: =VLOOKUP(B130,DitrbFlota[PLACA],1,0) -> STHF57
A131: US2 | B131: STHF67 | C131: 7189 | D131: BE | E131: Foton | F131: Juanita | H131: =VLOOKUP(B131,DitrbFlota[PLACA],1,0) -> STHF67
A132: US2 | B132: STHF69 | C132: 7190 | D132: BE | E132: Foton | F132: Juanita | H132: =VLOOKUP(B132,DitrbFlota[PLACA],1,0) -> STHF69

Sheet Hoja1
A3: Etiquetas de fila | B3: Cuenta de TIPO BUS
A4: FOTON | B4: 315
A5: MERCEDES BENZ | B5: 187 | C5: =+B5 -> 187 | D5: =+C5/$C$8 -> 0.4675
A6: SCANIA | B6: 40 | C6: =+B6 -> 40 | D6: =+C6/$C$8 -> 0.1
A7: VOLVO | B7: 173 | C7: =+B7 -> 173 | D7: =+C7/$C$8 -> 0.4325
A8: YUTONG | B8: 25 | C8: =+SUM(C5:C7) -> 400
A9: Total general | B9: 740

Sheet Mov El Retiro
A1: PLACA | B1: INTERNO | C1: TIPO BUS | D1: TIPO FLOTA | E1: MARCA CHASIS | F1: Estado | G1: TERMINAL Actual | H1: Terminal Destino | I1: Movimiento | J1: Servicio | K1: Terminal | L1: terminal alicia | O1: Empresa | P1: Terminal | Q1: Foton | R1: Volvo | U1: Mercedes Benz | X1: Scania | Y1: Total
A2: LDJV50 | B2: 2091 | C2: B2 | D2: FOB | E2: MERCEDES BENZ | F2: OP | G2: EL RETIRO | H2: CONDELL | I2: ok | J2: =_xlfn.XLOOKUP(Tabla17[[#This Row],[PLACA]],Tabla18[Patente Bus],Tabla18[[Servicio ]]) -> T801 | K2: =_xlfn.XLOOKUP(Tabla17[[#This Row],[Servicio]],Tabla19[CÓDIGO TS],Tabla19[TERMINAL]) -> CONDELL | L2: =_xlfn.XLOOKUP(Tabla17[[#This Row],[PLACA]],Tabla20[PPU],Tabla20[TERMINA]) -> #N/A | Q2: BE | R2: A2 | S2: B2 | T2: C2 | U2: B2 | V2: BPAL | W2: C2 | X2: B2
A3: LDJW30 | B3: 2095 | C3: B2 | D3: FOB | E3: MERCEDES BENZ | F3: OP | G3: EL RETIRO | H3: CONDELL | I3: ok | J3: =_xlfn.XLOOKUP(Tabla17[[#This Row],[PLACA]],Tabla18[Patente Bus],Tabla18[[Servicio ]]) -> T824 | K3: =_xlfn.XLOOKUP(Tabla17[[#This Row],[Servicio]],Tabla19[CÓDIGO TS],Tabla19[TERMINAL]) -> CONDELL | O3: Alfa | P3: El Retiro | Q3: 0 | R3: 11 | S3: 0 | T3: 19 | U3: 19 | V3: 0 | W3: 0 | X3: 4 | Y3: =SUM(Q3:X3) -> 53
A4: LDJW31 | B4: 2096 | C4: B2 | D4: FOB | E4: MERCEDES BENZ | F4: OP | G4: EL RETIRO | H4: CONDELL | I4: ok | J4: =_xlfn.XLOOKUP(Tabla17[[#This Row],[PLACA]],Tabla18[Patente Bus],Tabla18[[Servicio ]]) -> T801 | K4: =_xlfn.XLOOKUP(Tabla17[[#This Row],[Servicio]],Tabla19[CÓDIGO TS],Tabla19[TERMINAL]) -> CONDELL | P4: Condell | Q4: 67 | R4: 10 | S4: 0 | T4: 7 | U4: 15 | V4: 0 | W4: 24 | X4: 3 | Y4: =SUM(Q4:X4) -> 126
A5: LDJW34 | B5: 2097 | C5: B2 | D5: FOB | E5: MERCEDES BENZ | F5: OP | G5: EL RETIRO | H5: STA MARTA | I5: ok | J5: =_xlfn.XLOOKUP(Tabla17[[#This Row],[PLACA]],Tabla18[Patente Bus],Tabla18[[Servicio ]]) -> T808 | K5: =_xlfn.XLOOKUP(Tabla17[[#This Row],[Servicio]],Tabla19[CÓDIGO TS],Tabla19[TERMINAL]) -> SANTA MARTA | P5: Santa Marta | Q5: 60 | R5: 16 | S5: 0 | T5: 0 | U5: 0 | V5: 42 | W5: 0 | X5: 22 | Y5: =SUM(Q5:X5) -> 140
A6: LDJW35 | B6: 2098 | C6: B2 | D6: FOB | E6: MERCEDES BENZ | F6: OP | G6: EL RETIRO | H6: STA MARTA | I6: ok | J6: =_xlfn.XLOOKUP(Tabla17[[#This Row],[PLACA]],Tabla18[Patente Bus],Tabla18[[Servicio ]]) -> T822 | K6: =_xlfn.XLOOKUP(Tabla17[[#This Row],[Servicio]],Tabla19[CÓDIGO TS],Tabla19[TERMINAL]) -> SANTA MARTA | P6: Santa Margarita | Q6: 0 | R6: 0 | S6: 0 | T6: 19 | U6: 0 | V6: 0 | W6: 0 | X6: 9 | Y6: =SUM(Q6:X6) -> 28
A7: LDJW36 | B7: 2099 | C7: B2 | D7: FOB | E7: MERCEDES BENZ | F7: OP | G7: EL RETIRO | H7: STA MARTA | I7: ok | J7: =_xlfn.XLOOKUP(Tabla17[[#This Row],[PLACA]],Tabla18[Patente Bus],Tabla18[[Servicio ]]) -> T818 E0 | K7: =_xlfn.XLOOKUP(Tabla17[[#This Row],[Servicio]],Tabla19[CÓDIGO TS],Tabla19[TERMINAL]) -> #N/A | M7: Distribución de los nuevos foton | O7: Total | Q7: =SUM(Q3:Q6) -> 127 | R7: =SUM(R3:R6) -> 37 | S7: =SUM(S3:S6) -> 0 | T7: =SUM(T3:T6) -> 45 | U7: =SUM(U3:U6) -> 34 | V7: =SUM(V3:V6) -> 42 | W7: =SUM(W3:W6) -> 24 | X7: =SUM(X3:X6) -> 38 | Y7: =SUM(Q7:X7) -> 347
A8: LDJW37 | B8: 2100 | C8: B2 | D8: FOB | E8: MERCEDES BENZ | F8: OP | G8: EL RETIRO | H8: STA MARTA | I8: ok | J8: =_xlfn.XLOOKUP(Tabla17[[#This Row],[PLACA]],Tabla18[Patente Bus],Tabla18[[Servicio ]]) -> T822 | K8: =_xlfn.XLOOKUP(Tabla17[[#This Row],[Servicio]],Tabla19[CÓDIGO TS],Tabla19[TERMINAL]) -> SANTA MARTA | M8: Agregar 6 a sta marta y mandar 6 scania a el retiro
A9: LDJW38 | B9: 2101 | C9: B2 | D9: FOB | E9: MERCEDES BENZ | F9: OP | G9: EL RETIRO | H9: STA MARTA | I9: ok | J9: =_xlfn.XLOOKUP(Tabla17[[#This Row],[PLACA]],Tabla18[Patente Bus],Tabla18[[Servicio ]]) -> T807 | K9: =_xlfn.XLOOKUP(Tabla17[[#This Row],[Servicio]],Tabla19[CÓDIGO TS],Tabla19[TERMINAL]) -> SANTA MARTA | O9: Empresa | P9: Terminal | Q9: Foton | R9: Volvo | U9: Mercedes Benz | X9: Scania | Y9: Total | AA9: Movimientos | AB9: El Retiro | AC9: Condell | AD9: Sta Marta
A10: LDJW39 | B10: 2102 | C10: B2 | D10: FOB | E10: MERCEDES BENZ | F10: OP | G10: EL RETIRO | H10: STA MARTA | I10: ok | J10: =_xlfn.XLOOKUP(Tabla17[[#This Row],[PLACA]],Tabla18[Patente Bus],Tabla18[[Servicio ]]) -> T836 | K10: =_xlfn.XLOOKUP(Tabla17[[#This Row],[Servicio]],Tabla19[CÓDIGO TS],Tabla19[TERMINAL]) -> SANTA MARTA | Q10: BE | R10: A2 | S10: B2 | T10: C2 | U10: B2 | V10: BPAL | W10: C2 | X10: B2 | AA10: B2 -Mercedes Benz | AB10: -18 | AC10: 3 | AD10: 15
A11: LDJW40 | B11: 2103 | C11: B2 | D11: FR | E11: MERCEDES BENZ | F11: OP | G11: EL RETIRO | H11: STA MARTA | I11: ok | J11: =_xlfn.XLOOKUP(Tabla17[[#This Row],[PLACA]],Tabla18[Patente Bus],Tabla18[[Servicio ]]) -> T807 | K11: =_xlfn.XLOOKUP(Tabla17[[#This Row],[Servicio]],Tabla19[CÓDIGO TS],Tabla19[TERMINAL]) -> SANTA MARTA | O11: Alfa | P11: El Retiro | Q11: 0 | R11: 11 | S11: 0 | T11: 19 | U11: 0 | V11: 0 | W11: 0 | X11: =4+19 -> 23 | Y11: =SUM(Q11:X11) -> 53 | AA11: B2 - Scania | AB11: 18 | AC11: -3 | AD11: -15
A12: LDJW41 | B12: 2104 | C12: B2 | D12: FOB | E12: MERCEDES BENZ | F12: OP | G12: EL RETIRO | H12: STA MARTA | I12: ok | J12: =_xlfn.XLOOKUP(Tabla17[[#This Row],[PLACA]],Tabla18[Patente Bus],Tabla18[[Servicio ]]) -> #N/A | K12: =_xlfn.XLOOKUP(Tabla17[[#This Row],[Servicio]],Tabla19[CÓDIGO TS],Tabla19[TERMINAL]) -> #N/A | P12: Condell | Q12: 67 | R12: 10 | S12: 0 | T12: 7 | U12: =15+3 -> 18 | V12: 0 | W12: 24 | X12: 0 | Y12: =SUM(Q12:X12) -> 126
A13: LDJW42 | B13: 2105 | C13: B2 | D13: FOB | E13: MERCEDES BENZ | F13: OP | G13: EL RETIRO | H13: STA MARTA | I13: ok | J13: =_xlfn.XLOOKUP(Tabla17[[#This Row],[PLACA]],Tabla18[Patente Bus],Tabla18[[Servicio ]]) -> T807 | K13: =_xlfn.XLOOKUP(Tabla17[[#This Row],[Servicio]],Tabla19[CÓDIGO TS],Tabla19[TERMINAL]) -> SANTA MARTA | P13: Santa Marta | Q13: 60 | R13: 16 | S13: 0 | T13: 0 | U13: 16 | V13: 42 | W13: 0 | X13: =22-16 -> 6 | Y13: =SUM(Q13:X13) -> 140
A14: LDJW43 | B14: 2106 | C14: B2 | D14: FOB | E14: MERCEDES BENZ | F14: OP | G14: EL RETIRO | H14: STA MARTA | I14: ok | J14: =_xlfn.XLOOKUP(Tabla17[[#This Row],[PLACA]],Tabla18[Patente Bus],Tabla18[[Servicio ]]) -> T816 | K14: =_xlfn.XLOOKUP(Tabla17[[#This Row],[Servicio]],Tabla19[CÓDIGO TS],Tabla19[TERMINAL]) -> SANTA MARTA | P14: Santa Margarita | Q14: 0 | R14: 0 | S14: 0 | T14: 19 | U14: 0 | V14: 0 | W14: 0 | X14: 9 | Y14: =SUM(Q14:X14) -> 28
A15: LDJW44 | B15: 2107 | C15: B2 | D15: FOB | E15: MERCEDES BENZ | F15: OP | G15: EL RETIRO | H15: STA MARTA | I15: ok | J15: =_xlfn.XLOOKUP(Tabla17[[#This Row],[PLACA]],Tabla18[Patente Bus],Tabla18[[Servicio ]]) -> T810 | K15: =_xlfn.XLOOKUP(Tabla17[[#This Row],[Servicio]],Tabla19[CÓDIGO TS],Tabla19[TERMINAL]) -> SANTA MARTA | O15: Total | Q15: =SUM(Q11:Q14) -> 127 | R15: =SUM(R11:R14) -> 37 | S15: =SUM(S11:S14) -> 0 | T15: =SUM(T11:T14) -> 45 | U15: =SUM(U11:U14) -> 34 | V15: =SUM(V11:V14) -> 42 | W15: =SUM(W11:W14) -> 24 | X15: =SUM(X11:X14) -> 38 | Y15: =SUM(Q15:X15) -> 347
A16: LDJW45 | B16: 2108 | C16: B2 | D16: FOB | E16: MERCEDES BENZ | F16: OP | G16: EL RETIRO | H16: STA MARTA | I16: ok | J16: =_xlfn.XLOOKUP(Tabla17[[#This Row],[PLACA]],Tabla18[Patente Bus],Tabla18[[Servicio ]]) -> T810 | K16: =_xlfn.XLOOKUP(Tabla17[[#This Row],[Servicio]],Tabla19[CÓDIGO TS],Tabla19[TERMINAL]) -> SANTA MARTA
A17: LDJW46 | B17: 2109 | C17: B2 | D17: FOB | E17: MERCEDES BENZ | F17: OP | G17: EL RETIRO | H17: STA MARTA | I17: ok | J17: =_xlfn.XLOOKUP(Tabla17[[#This Row],[PLACA]],Tabla18[Patente Bus],Tabla18[[Servicio ]]) -> #N/A | K17: =_xlfn.XLOOKUP(Tabla17[[#This Row],[Servicio]],Tabla19[CÓDIGO TS],Tabla19[TERMINAL]) -> #N/A | Z17: PPU | AA17: INTERNO | AB17: MARCA | AC17: TERMINA
A18: LDJW47 | B18: 2110 | C18: B2 | D18: FOB | E18: MERCEDES BENZ | F18: OP | G18: EL RETIRO | H18: STA MARTA | I18: ok | J18: =_xlfn.XLOOKUP(Tabla17[[#This Row],[PLACA]],Tabla18[Patente Bus],Tabla18[[Servicio ]]) -> T816 | K18: =_xlfn.XLOOKUP(Tabla17[[#This Row],[Servicio]],Tabla19[CÓDIGO TS],Tabla19[TERMINAL]) -> SANTA MARTA | O18: Codigo Bus | P18: Patente Bus | Q18: Servicio | R18: Km Comerciales Recorridos | S18: KM Total Recorrido del Periodo | V18: TERMINAL | W18: SERVICIO | X18: CÓDIGO TS | Z18: LXDH84 | AA18: 2042 | AB18: SCANIA | AC18: EL RETIRO
A19: LDJW49 | B19: 2112 | C19: B2 | D19: FOB | E19: MERCEDES BENZ | F19: FS | G19: EL RETIRO | H19: SIN MOV (hasta que sea reparado) | I19: ok | J19: =_xlfn.XLOOKUP(Tabla17[[#This Row],[PLACA]],Tabla18[Patente Bus],Tabla18[[Servicio ]]) -> #N/A | K19: =_xlfn.XLOOKUP(Tabla17[[#This Row],[Servicio]],Tabla19[CÓDIGO TS],Tabla19[TERMINAL]) -> #N/A | O19: CO-1B2081 | P19: LDJP70 | Q19: T801 | R19: 14.08 | S19: 20.32 | V19: EL RETIRO | W19: B03 | X19: T803 | Z19: LXDH85 | AA19: 2043 | AB19: SCANIA | AC19: EL RETIRO
A20: LJDL48 | B20: 2113 | C20: B2 | D20: FR | E20: MERCEDES BENZ | F20: OP | G20: EL RETIRO | H20: STA MARTA | I20: ok | J20: =_xlfn.XLOOKUP(Tabla17[[#This Row],[PLACA]],Tabla18[Patente Bus],Tabla18[[Servicio ]]) -> T807 | K20: =_xlfn.XLOOKUP(Tabla17[[#This Row],[Servicio]],Tabla19[CÓDIGO TS],Tabla19[TERMINAL]) -> SANTA MARTA | O20: CO-1B2082 | P20: LDJP71 | Q20: T801 | R20: 25.63 | S20: 33.36 | V20: EL RETIRO | W20: B30N | X20: T830E3 | Z20: LXDH86 | AA20: 2044 | AB20: SCANIA | AC20: EL RETIRO
A21: LXDH84 | B21: 2042 | C21: B2 | D21: FOB | E21: SCANIA | F21: OP | G21: CONDELL | H21: EL RETIRO | I21: ok | J21: =_xlfn.XLOOKUP(Tabla17[[#This Row],[PLACA]],Tabla18[Patente Bus],Tabla18[[Servicio ]]) -> T830 E3 | K21: =_xlfn.XLOOKUP(Tabla17[[#This Row],[Servicio]],Tabla19[CÓDIGO TS],Tabla19[TERMINAL]) -> #N/A | O21: CO-1B2083 | P21: LDJP72 | Q21: T801 | R21: 22 | S21: 161.69 | V21: EL RETIRO | W21: B09 | X21: T809 | Z21: LXDH87 | AA21: 2045 | AB21: SCANIA | AC21: EL RETIRO
A22: LXDH85 | B22: 2043 | C22: B2 | D22: FOB | E22: SCANIA | F22: OP | G22: CONDELL | H22: EL RETIRO | I22: ok | J22: =_xlfn.XLOOKUP(Tabla17[[#This Row],[PLACA]],Tabla18[Patente Bus],Tabla18[[Servicio ]]) -> T803 | K22: =_xlfn.XLOOKUP(Tabla17[[#This Row],[Servicio]],Tabla19[CÓDIGO TS],Tabla19[TERMINAL]) -> EL RETIRO | O22: CO-1B2091 | P22: LDJV50 | Q22: T801 | R22: 73.26 | S22: 107.64 | V22: EL RETIRO | W22: 105 | X22: T805 | Z22: LXDH89 | AA22: 2047 | AB22: SCANIA | AC22: EL RETIRO
A23: LXDH86 | B23: 2044 | C23: B2 | D23: FOB | E23: SCANIA | F23: OP | G23: STA MARTA | H23: EL RETIRO | I23: ok | J23: =_xlfn.XLOOKUP(Tabla17[[#This Row],[PLACA]],Tabla18[Patente Bus],Tabla18[[Servicio ]]) -> T803 | K23: =_xlfn.XLOOKUP(Tabla17[[#This Row],[Servicio]],Tabla19[CÓDIGO TS],Tabla19[TERMINAL]) -> EL RETIRO | O23: ER-1A1001 | P23: SHCY10 | Q23: T801 | R23: 20.51 | S23: 26.47 | V23: SANTA MARGARITA | W23: 105 | X23: T805 | Z23: LXDH90 | AA23: 2048 | AB23: SCANIA | AC23: EL RETIRO
A24: LXDH87 | B24: 2045 | C24: B2 | D24: FOB | E24: SCANIA | F24: OP | G24: STA MARTA | H24: EL RETIRO | I24: ok | J24: =_xlfn.XLOOKUP(Tabla17[[#This Row],[PLACA]],Tabla18[Patente Bus],Tabla18[[Servicio ]]) -> T803 | K24: =_xlfn.XLOOKUP(Tabla17[[#This Row],[Servicio]],Tabla19[CÓDIGO TS],Tabla19[TERMINAL]) -> EL RETIRO | O24: CO-1A1029 | P24: SHCY38 | Q24: T801 | R24: 18.49 | S24: 276.81 | V24: SANTA MARGARITA | W24: 105c | X24: T805C | Z24: LXDH91 | AA24: 2049 | AB24: SCANIA | AC24: EL RETIRO
A25: LXDH89 | B25: 2047 | C25: B2 | D25: FOB | E25: SCANIA | F25: OP | G25: STA MARTA | H25: EL RETIRO | I25: ok | J25: =_xlfn.XLOOKUP(Tabla17[[#This Row],[PLACA]],Tabla18[Patente Bus],Tabla18[[Servicio ]]) -> T803 | K25: =_xlfn.XLOOKUP(Tabla17[[#This Row],[Servicio]],Tabla19[CÓDIGO TS],Tabla19[TERMINAL]) -> EL RETIRO | O25: CO-1A1023 | P25: SHCY43 | Q25: T801 | R25: 45.5 | S25: 270.92 | V25: CONDELL | W25: B17 | X25: T817 | Z25: LXDH92 | AA25: 2050 | AB25: SCANIA | AC25: EL RETIRO
A26: LXDH90 | B26: 2048 | C26: B2 | D26: FOB | E26: SCANIA | F26: OP | G26: STA MARTA | H26: EL RETIRO | I26: ok | J26: =_xlfn.XLOOKUP(Tabla17[[#This Row],[PLACA]],Tabla18[Patente Bus],Tabla18[[Servicio ]]) -> T803 | K26: =_xlfn.XLOOKUP(Tabla17[[#This Row],[Servicio]],Tabla19[CÓDIGO TS],Tabla19[TERMINAL]) -> EL RETIRO | O26: CO-1A1022 | P26: SHCY44 | Q26: T801 | R26: 25.53 | S26: 150.63 | V26: CONDELL | W26: 120 | X26: T812 | Z26: LXDH93 | AA26: 2051 | AB26: SCANIA | AC26: EL RETIRO
A27: LXDH91 | B27: 2049 | C27: B2 | D27: FOB | E27: SCANIA | F27: OP | G27: STA MARTA | H27: EL RETIRO | I27: ok | J27: =_xlfn.XLOOKUP(Tabla17[[#This Row],[PLACA]],Tabla18[Patente Bus],Tabla18[[Servicio ]]) -> T803 | K27: =_xlfn.XLOOKUP(Tabla17[[#This Row],[Servicio]],Tabla19[CÓDIGO TS],Tabla19[TERMINAL]) -> EL RETIRO | O27: CO-1A1018 | P27: SHXF83 | Q27: T801 | R27: 45.1 | S27: 213.03 | V27: CONDELL | W27: 410 | X27: T841 | Z27: LXDH94 | AA27: 2052 | AB27: SCANIA | AC27: EL RETIRO
A28: LXDH92 | B28: 2050 | C28: B2 | D28: FOB | E28: SCANIA | F28: OP | G28: STA MARTA | H28: EL RETIRO | I28: ok | J28: =_xlfn.XLOOKUP(Tabla17[[#This Row],[PLACA]],Tabla18[Patente Bus],Tabla18[[Servicio ]]) -> T803 | K28: =_xlfn.XLOOKUP(Tabla17[[#This Row],[Servicio]],Tabla19[CÓDIGO TS],Tabla19[TERMINAL]) -> EL RETIRO | O28: CO-1E3001 | P28: SJTD56 | Q28: T801 | R28: 99.04 | S28: 204.18 | V28: CONDELL | W28: 410e | X28: T841E | Z28: LXDH95 | AA28: 2053 | AB28: SCANIA | AC28: EL RETIRO
A29: LXDH93 | B29: 2051 | C29: B2 | D29: FOB | E29: SCANIA | F29: OP | G29: STA MARTA | H29: EL RETIRO | I29: ok | J29: =_xlfn.XLOOKUP(Tabla17[[#This Row],[PLACA]],Tabla18[Patente Bus],Tabla18[[Servicio ]]) -> T803 | K29: =_xlfn.XLOOKUP(Tabla17[[#This Row],[Servicio]],Tabla19[CÓDIGO TS],Tabla19[TERMINAL]) -> EL RETIRO | O29: CO-1E3005 | P29: SJTD62 | Q29: T801 | R29: 56.77 | S29: 190.62 | V29: CONDELL | W29: 410 inyección | X29: T841C2 | Z29: LXDH96 | AA29: 2054 | AB29: SCANIA | AC29: EL RETIRO
A30: LXDH94 | B30: 2052 | C30: B2 | D30: FOB | E30: SCANIA | F30: OP | G30: STA MARTA | H30: EL RETIRO | I30: ok | J30: =_xlfn.XLOOKUP(Tabla17[[#This Row],[PLACA]],Tabla18[Patente Bus],Tabla18[[Servicio ]]) -> T803 | K30: =_xlfn.XLOOKUP(Tabla17[[#This Row],[Servicio]],Tabla19[CÓDIGO TS],Tabla19[TERMINAL]) -> EL RETIRO | O30: CO-1E3010 | P30: SKHF49 | Q30: T801 | R30: 193.56 | S30: 218.59 | V30: CONDELL | W30: B20 | X30: T820 | Z30: LXDH98 | AA30: 2056 | AB30: SCANIA | AC30: EL RETIRO
A31: LXDH95 | B31: 2053 | C31: B2 | D31: FOB | E31: SCANIA | F31: OP | G31: STA MARTA | H31: EL RETIRO | I31: ok | J31: =_xlfn.XLOOKUP(Tabla17[[#This Row],[PLACA]],Tabla18[Patente Bus],Tabla18[[Servicio ]]) -> T805 | K31: =_xlfn.XLOOKUP(Tabla17[[#This Row],[Servicio]],Tabla19[CÓDIGO TS],Tabla19[TERMINAL]) -> EL RETIRO | O31: CO-1E3012 | P31: SKHF87 | Q31: T801 | R31: 96.46 | S31: 172.26 | V31: CONDELL | W31: B29 | X31: T829 | Z31: LXDJ21 | AA31: 2069 | AB31: SCANIA | AC31: EL RETIRO
A32: LXDH96 | B32: 2054 | C32: B2 | D32: FOB | E32: SCANIA | F32: OP | G32: STA MARTA | H32: EL RETIRO | I32: ok | J32: =_xlfn.XLOOKUP(Tabla17[[#This Row],[PLACA]],Tabla18[Patente Bus],Tabla18[[Servicio ]]) -> T803 | K32: =_xlfn.XLOOKUP(Tabla17[[#This Row],[Servicio]],Tabla19[CÓDIGO TS],Tabla19[TERMINAL]) -> EL RETIRO | O32: CO-1E3014 | P32: SKHF92 | Q32: T801 | R32: 25.66 | S32: 211.53 | V32: CONDELL | W32: B01 | X32: T801 | Z32: LXDJ24 | AA32: 2072 | AB32: SCANIA | AC32: EL RETIRO
A33: LXDH98 | B33: 2056 | C33: B2 | D33: FOB | E33: SCANIA | F33: OP | G33: CONDELL | H33: EL RETIRO | I33: ok | J33: =_xlfn.XLOOKUP(Tabla17[[#This Row],[PLACA]],Tabla18[Patente Bus],Tabla18[[Servicio ]]) -> T803 | K33: =_xlfn.XLOOKUP(Tabla17[[#This Row],[Servicio]],Tabla19[CÓDIGO TS],Tabla19[TERMINAL]) -> EL RETIRO | O33: CO-1E3016 | P33: SKHG17 | Q33: T801 | R33: 102.5 | S33: 191.24 | V33: CONDELL | W33: B24 | X33: T824 | Z33: LXDJ25 | AA33: 2073 | AB33: SCANIA | AC33: EL RETIRO
A34: LXDJ10 | B34: 2058 | C34: B2 | D34: FOB | E34: SCANIA | F34: OP | G34: STA MARTA | H34: EL RETIRO | I34: ok | J34: =_xlfn.XLOOKUP(Tabla17[[#This Row],[PLACA]],Tabla18[Patente Bus],Tabla18[[Servicio ]]) -> T803 | K34: =_xlfn.XLOOKUP(Tabla17[[#This Row],[Servicio]],Tabla19[CÓDIGO TS],Tabla19[TERMINAL]) -> EL RETIRO | O34: CO-1E3020 | P34: SKHG39 | Q34: T801 | R34: 51.12 | S34: 171.9 | V34: CONDELL | W34: B28 | X34: T828 | Z34: LXDJ10 | AA34: 2058 | AB34: SCANIA | AC34: EL RETIRO
A35: LXDJ11 | B35: 2059 | C35: B2 | D35: FOB | E35: SCANIA | F35: OP | G35: STA MARTA | H35: EL RETIRO | I35: ok | J35: =_xlfn.XLOOKUP(Tabla17[[#This Row],[PLACA]],Tabla18[Patente Bus],Tabla18[[Servicio ]]) -> T803 | K35: =_xlfn.XLOOKUP(Tabla17[[#This Row],[Servicio]],Tabla19[CÓDIGO TS],Tabla19[TERMINAL]) -> EL RETIRO | O35: CO-1E3022 | P35: SKHG42 | Q35: T801 | R35: 77.01 | S35: 147.43 | V35: SANTA MARGARITA | W35: 120 | X35: T812 | Z35: LXDJ11 | AA35: 2059 | AB35: SCANIA | AC35: EL RETIRO
A36: LXDJ12 | B36: 2060 | C36: B2 | D36: FOB | E36: SCANIA | F36: OP | G36: STA MARTA | H36: SIN MOV (hasta que sea reparado 2112) | I36: ok | J36: =_xlfn.XLOOKUP(Tabla17[[#This Row],[PLACA]],Tabla18[Patente Bus],Tabla18[[Servicio ]]) -> T818 | K36: =_xlfn.XLOOKUP(Tabla17[[#This Row],[Servicio]],Tabla19[CÓDIGO TS],Tabla19[TERMINAL]) -> SANTA MARTA | O36: CO-1E3026 | P36: SKHG59 | Q36: T801 | R36: 47.21 | S36: 189.37 | V36: AGUIRRE LUCO | W36: B02 | X36: T902
A37: LXDJ21 | B37: 2069 | C37: B2 | D37: FR | E37: SCANIA | F37: OP | G37: STA MARTA | H37: EL RETIRO | I37: ok | J37: =_xlfn.XLOOKUP(Tabla17[[#This Row],[PLACA]],Tabla18[Patente Bus],Tabla18[[Servicio ]]) -> T803 | K37: =_xlfn.XLOOKUP(Tabla17[[#This Row],[Servicio]],Tabla19[CÓDIGO TS],Tabla19[TERMINAL]) -> EL RETIRO | O37: CO-1E3030 | P37: SKHG70 | Q37: T801 | R37: 128.11 | S37: 218.56 | V37: AGUIRRE LUCO | W37: B02N | X37: T902E3
A38: LXDJ24 | B38: 2072 | C38: B2 | D38: FOB | E38: SCANIA | F38: OP | G38: STA MARTA | H38: EL RETIRO | I38: NO ok | J38: =_xlfn.XLOOKUP(Tabla17[[#This Row],[PLACA]],Tabla18[Patente Bus],Tabla18[[Servicio ]]) -> #N/A | K38: =_xlfn.XLOOKUP(Tabla17[[#This Row],[Servicio]],Tabla19[CÓDIGO TS],Tabla19[TERMINAL]) -> #N/A | O38: STM-1B3046 | P38: SPZX42 | Q38: T801 | R38: 63.65 | S38: 228.36 | V38: AGUIRRE LUCO | W38: B04 | X38: T904
A39: LXDJ25 | B39: 2073 | C39: B2 | D39: FOB | E39: SCANIA | F39: OP | G39: STA MARTA | H39: EL RETIRO | I39: ok | J39: =_xlfn.XLOOKUP(Tabla17[[#This Row],[PLACA]],Tabla18[Patente Bus],Tabla18[[Servicio ]]) -> T803 | K39: =_xlfn.XLOOKUP(Tabla17[[#This Row],[Servicio]],Tabla19[CÓDIGO TS],Tabla19[TERMINAL]) -> EL RETIRO | O39: STM-1B3047 | P39: SPZX46 | Q39: T801 | R39: 61.63 | S39: 215.75 | V39: AGUIRRE LUCO | W39: C18 | X39: T918
O40: STM-1E3072 | P40: STHF15 | Q40: T801 | R40: 89.04 | S40: 239.53 | V40: AGUIRRE LUCO | W40: B19 | X40: T919
O41: STM-1E3074 | P41: STHF35 | Q41: T801 | R41: 76.79 | S41: 171.72 | V41: PIE ANDINO | W41: 102 | X41: T962
O42: STM-1E3077 | P42: STHF49 | Q42: T801 | R42: 51.12 | S42: 167.43 | V42: PIE ANDINO | W42: 712 | X42: T967
O43: STM-1E3081 | P43: STHF76 | Q43: T801 | R43: 40.19 | S43: 225.93 | V43: PIE ANDINO | W43: F02 | X43: T922
C44: =_xlfn.CONCAT(C45:C73) -> CL2097;CL2098;CL2099;CL2100;CL2101;CL2102;CL2103;CL2104;CL2105;CL2106;CL2107;CL2108;CL2109;CL2110;CL2113; | F44: =_xlfn.CONCAT(F45:F62) -> LDJW34;LDJW35;LDJW36;LDJW37;LDJW38;LDJW39;LDJW40;LDJW41;LDJW42;LDJW43;LDJW44;LDJW45;LDJW46;LDJW47;LJDL48;;;; | O44: CO-1B2081 | P44: LDJP70 | Q44: T801 | R44: 49.51 | S44: 176.84 | V44: PIE ANDINO | W44: F03c | X44: T923C
A45: CL | B45: 2097 | C45: =IF(B45<>"",A45&B45&";","") -> CL2097; | E45: LDJW34 | F45: =E45&";" -> LDJW34; | O45: CO-1B2084 | P45: LDJP73 | Q45: T801 | R45: 21.65 | S45: 155.69 | V45: PIE ANDINO | W45: F05 | X45: T925
A46: CL | B46: 2098 | C46: =IF(B46<>"",A46&B46&";","") -> CL2098; | E46: LDJW35 | F46: =E46&";" -> LDJW35; | O46: CO-1B2086 | P46: LDJV44 | Q46: T801 | R46: 43.56 | S46: 126.1 | V46: PIE ANDINO | W46: F06 | X46: T926
A47: CL | B47: 2099 | C47: =IF(B47<>"",A47&B47&";","") -> CL2099; | E47: LDJW36 | F47: =E47&";" -> LDJW36; | O47: CO-1B2090 | P47: LDJV49 | Q47: T801 | R47: 21.78 | S47: 25.28 | V47: PIE ANDINO | W47: F09 | X47: T929
A48: CL | B48: 2100 | C48: =IF(B48<>"",A48&B48&";","") -> CL2100; | E48: LDJW37 | F48: =E48&";" -> LDJW37; | O48: CO-1B2091 | P48: LDJV50 | Q48: T801 | R48: 22.05 | S48: 128.62 | V48: PIE ANDINO | W48: F20 | X48: T940
A49: CL | B49: 2101 | C49: =IF(B49<>"",A49&B49&";","") -> CL2101; | E49: LDJW38 | F49: =E49&";" -> LDJW38; | O49: CO-1B2096 | P49: LDJW31 | Q49: T801 | R49: 43.74 | S49: 103.38 | V49: JUANITA | W49: 213e | X49: T963E
A50: CL | B50: 2102 | C50: =IF(B50<>"",A50&B50&";","") -> CL2102; | E50: LDJW39 | F50: =E50&";" -> LDJW39; | O50: CO-1A1023 | P50: SHCY43 | Q50: T801 | R50: 18.44 | S50: 81.07 | V50: JUANITA | W50: 124 | X50: T964
A51: CL | B51: 2103 | C51: =IF(B51<>"",A51&B51&";","") -> CL2103; | E51: LDJW40 | F51: =E51&";" -> LDJW40; | O51: CO-1A1022 | P51: SHCY44 | Q51: T801 | R51: 21.7 | S51: 196.21 | V51: JUANITA | W51: F10c | X51: T930C
A52: CL | B52: 2104 | C52: =IF(B52<>"",A52&B52&";","") -> CL2104; | E52: LDJW41 | F52: =E52&";" -> LDJW41; | O52: CO-1A1020 | P52: SHCY62 | Q52: T801 | R52: 20.46 | S52: 186.21 | V52: JUANITA | W52: F12c | X52: T932C
A53: CL | B53: 2105 | C53: =IF(B53<>"",A53&B53&";","") -> CL2105; | E53: LDJW42 | F53: =E53&";" -> LDJW42; | O53: CO-1A1018 | P53: SHXF83 | Q53: T801 | R53: 43.63 | S53: 273.66 | V53: JUANITA | W53: F15 | X53: T935
A54: CL | B54: 2106 | C54: =IF(B54<>"",A54&B54&";","") -> CL2106; | E54: LDJW43 | F54: =E54&";" -> LDJW43; | O54: CO-1E3006 | P54: SJTD63 | Q54: T801 | R54: 21.9 | S54: 199.62 | V54: JUANITA | W54: F18 | X54: T938
A55: CL | B55: 2107 | C55: =IF(B55<>"",A55&B55&";","") -> CL2107; | E55: LDJW44 | F55: =E55&";" -> LDJW44; | O55: CO-1E3014 | P55: SKHF92 | Q55: T801 | R55: 43.69 | S55: 128.49 | V55: JUANITA | W55: F25 | X55: T945
A56: CL | B56: 2108 | C56: =IF(B56<>"",A56&B56&";","") -> CL2108; | E56: LDJW45 | F56: =E56&";" -> LDJW45; | O56: CO-1E3015 | P56: SKHG14 | Q56: T801 | R56: 65.42 | S56: 142.21 | V56: JUANITA | W56: F25e | X56: T945E
A57: CL | B57: 2109 | C57: =IF(B57<>"",A57&B57&";","") -> CL2109; | E57: LDJW46 | F57: =E57&";" -> LDJW46; | O57: CO-1E3018 | P57: SKHG33 | Q57: T801 | R57: 15.97 | S57: 109.04 | V57: JUANITA | W57: F30N | X57: T950E3
A58: CL | B58: 2110 | C58: =IF(B58<>"",A58&B58&";","") -> CL2110; | E58: LDJW47 | F58: =E58&";" -> LDJW47; | O58: CO-1E3020 | P58: SKHG39 | Q58: T801 | R58: 43.59 | S58: 214.47 | V58: SANTA MARTA | W58: B36 | X58: T836
A59: CL | B59: 2113 | C59: =IF(B59<>"",A59&B59&";","") -> CL2113; | E59: LJDL48 | F59: =E59&";" -> LJDL48; | O59: CO-1E3025 | P59: SKHG57 | Q59: T801 | R59: 131.06 | S59: 218.37 | V59: SANTA MARTA | W59: B08 | X59: T808
A60: CL | C60: =IF(B60<>"",A60&B60&";","") | F60: =E60&";" -> ; | O60: CO-1E3026 | P60: SKHG59 | Q60: T801 | R60: 107.39 | S60: 123.73 | V60: SANTA MARTA | W60: B25 | X60: T825
A61: CL | C61: =IF(B61<>"",A61&B61&";","") | F61: =E61&";" -> ; | O61: CO-1E3027 | P61: SKHG62 | Q61: T801 | R61: 43.78 | S61: 115.49 | V61: SANTA MARTA | W61: 722 | X61: T822
A62: CL | C62: =IF(B62<>"",A62&B62&";","") | F62: =E62&";" -> ; | O62: CO-1E3032 | P62: SKHG74 | Q62: T801 | R62: 87.2 | S62: 222.23 | V62: SANTA MARTA | W62: B26 | X62: T826
A63: CL | C63: =IF(B63<>"",A63&B63&";","") | O63: CO-1E3036 | P63: SKHG85 | Q63: T801 | R63: 21.79 | S63: 210.47 | V63: SANTA MARTA | W63: B10 | X63: T810
A64: CL | C64: =IF(B64<>"",A64&B64&";","") | O64: CO-1E3040 | P64: SKHG93 | Q64: T801 | R64: 21.86 | S64: 95.59 | V64: SANTA MARTA | W64: B16 | X64: T816
A65: CL | C65: =IF(B65<>"",A65&B65&";","") | O65: STM-1B3045 | P65: SPZX41 | Q65: T801 | R65: 43.66 | S65: 165.79 | V65: SANTA MARTA | W65: B07 | X65: T807
A66: CL | C66: =IF(B66<>"",A66&B66&";","") | O66: STM-1B3047 | P66: SPZX46 | Q66: T801 | R66: 87.23 | S66: 145.72 | V66: SANTA MARTA | W66: B13 | X66: T813
A67: CL | C67: =IF(B67<>"",A67&B67&";","") | O67: STM-1E3066 | P67: STHD35 | Q67: T801 | R67: 29.47 | S67: 144.34 | V67: SANTA MARTA | W67: B18 | X67: T818
A68: CL | C68: =IF(B68<>"",A68&B68&";","") | O68: STM-1E3067 | P68: STHD47 | Q68: T801 | R68: 65.26 | S68: 184.62 | V68: SANTA MARTA | W68: B18E | X68: T818E
A69: CL | C69: =IF(B69<>"",A69&B69&";","") | O69: STM-1E3068 | P69: STHD54 | Q69: T801 | R69: 21.88 | S69: 212.59 | V69: SANTA MARTA | W69: B32 | X69: T832
A70: CL | C70: =IF(B70<>"",A70&B70&";","") | O70: STM-1E3069 | P70: STHD65 | Q70: T801 | R70: 43.47 | S70: 152.91
A71: CL | C71: =IF(B71<>"",A71&B71&";","") | O71: STM-1E3071 | P71: STHF13 | Q71: T801 | R71: 65.54 | S71: 213.77
A72: CL | C72: =IF(B72<>"",A72&B72&";","") | O72: STM-1E3075 | P72: STHF42 | Q72: T801 | R72: 87.29 | S72: 160.52
A73: CL | C73: =IF(B73<>"",A73&B73&";","") | O73: STM-1E3076 | P73: STHF45 | Q73: T801 | R73: 43.71 | S73: 221.36
O74: STM-1E3079 | P74: STHF62 | Q74: T801 | R74: 21.78 | S74: 181.44
O75: STM-1E3081 | P75: STHF76 | Q75: T801 | R75: 65.95 | S75: 228.1
O76: ER-1B2043 | P76: LXDH85 | Q76: T803 | R76: 36.26 | S76: 140.68
O77: ER-1B2045 | P77: LXDH87 | Q77: T803 | R77: 15.93 | S77: 320.59
O78: ER-1B2047 | P78: LXDH89 | Q78: T803 | R78: 142.3 | S78: 142.3
O79: ER-1B2048 | P79: LXDH90 | Q79: T803 | R79: 73.07 | S79: 215.32
O80: ER-1B2049 | P80: LXDH91 | Q80: T803 | R80: 70.96 | S80: 117.24
O81: ER-1B2050 | P81: LXDH92 | Q81: T803 | R81: 36.43 | S81: 150.43
O82: ER-1B2051 | P82: LXDH93 | Q82: T803 | R82: 71.84 | S82: 200.44
O83: ER-1B2052 | P83: LXDH94 | Q83: T803 | R83: 35.81 | S83: 35.81
O84: ER-1B2054 | P84: LXDH96 | Q84: T803 | R84: 71.87 | S84: 236.71
O85: ER-1B2058 | P85: LXDJ10 | Q85: T803 | R85: 101.67 | S85: 101.67
... O1112: SM-1C4066 | P1112: SJPF88 | Q1112: T841 | R1112: 158.45 | S1112: 169.35

Sheet Consolidado
A1: EMPRESA | B1: PLACA | C1: INTERNO | D1: TIPO BUS | E1: TIPO FLOTA | F1: MARCA CHASIS | G1: TERMINAL OP | H1: OPERACIÓN | I1: Inicio Operación | J1: ORIGEN | K1: Planta Repuesto | L1: DTPM | M1: Observación | N1: Busqueda | O1: Mes inicio operación | P1: Año inicio operación | Q1: plazas
A2: US2 | B2: SHCX61 | C2: 5001 | D2: A2 | E2: FOB | F2: VOLVO | G2: A. LUCO | H2: A. LUCO | I2: 44982 | J2: SUMINISTRO | K2: OMJJA | L2: A. LUCO | N2: =DitrbFlota[[#This Row],[TIPO BUS]]&"-"&DitrbFlota[[#This Row],[MARCA CHASIS]] -> A2-VOLVO | O2: =MONTH(DitrbFlota[[#This Row],[Inicio Operación]]) -> 2 | P2: =YEAR(DitrbFlota[[#This Row],[Inicio Operación]]) -> 2023 | Q2: 77
A3: US2 | B3: SHCX44 | C3: 5002 | D3: A2 | E3: FOB | F3: VOLVO | G3: A. LUCO | H3: A. LUCO | I3: 44982 | J3: SUMINISTRO | K3: OMJJA | L3: A. LUCO | N3: =DitrbFlota[[#This Row],[TIPO BUS]]&"-"&DitrbFlota[[#This Row],[MARCA CHASIS]] -> A2-VOLVO | O3: =MONTH(DitrbFlota[[#This Row],[Inicio Operación]]) -> 2 | P3: =YEAR(DitrbFlota[[#This Row],[Inicio Operación]]) -> 2023 | Q3: 77 | S3: Tipo de flota | T3: N° Buses
A4: US2 | B4: SHCY41 | C4: 5003 | D4: A2 | E4: FOB | F4: VOLVO | G4: A. LUCO | H4: A. LUCO | I4: 44982 | J4: SUMINISTRO | K4: OMJJA | L4: A. LUCO | N4: =DitrbFlota[[#This Row],[TIPO BUS]]&"-"&DitrbFlota[[#This Row],[MARCA CHASIS]] -> A2-VOLVO | O4: =MONTH(DitrbFlota[[#This Row],[Inicio Operación]]) -> 2 | P4: =YEAR(DitrbFlota[[#This Row],[Inicio Operación]]) -> 2023 | Q4: 77 | S4: US1 | T4: 363
A5: US2 | B5: SHCY56 | C5: 5004 | D5: A2 | E5: FOB | F5: VOLVO | G5: A. LUCO | H5: A. LUCO | I5: 44982 | J5: SUMINISTRO | K5: OMJJA | L5: A. LUCO | N5: =DitrbFlota[[#This Row],[TIPO BUS]]&"-"&DitrbFlota[[#This Row],[MARCA CHASIS]] -> A2-VOLVO | O5: =MONTH(DitrbFlota[[#This Row],[Inicio Operación]]) -> 2 | P5: =YEAR(DitrbFlota[[#This Row],[Inicio Operación]]) -> 2023 | Q5: 77 | S5: FOB | T5: 308
A6: US2 | B6: SHXF37 | C6: 5005 | D6: A2 | E6: FOB | F6: VOLVO | G6: A. LUCO | H6: A. LUCO | I6: 44982 | J6: SUMINISTRO | K6: OMJJA | L6: A. LUCO | N6: =DitrbFlota[[#This Row],[TIPO BUS]]&"-"&DitrbFlota[[#This Row],[MARCA CHASIS]] -> A2-VOLVO | O6: =MONTH(DitrbFlota[[#This Row],[Inicio Operación]]) -> 2 | P6: =YEAR(DitrbFlota[[#This Row],[Inicio Operación]]) -> 2023 | Q6: 77 | S6: FR | T6: 37
A7: US2 | B7: TPWW72 | C7: 5023 | D7: A2 | E7: FOB | F7: VOLVO | G7: A. LUCO | H7: A. LUCO | I7: 45537 | J7: SUMINISTRO | K7: OMJJA | L7: A. LUCO | N7: =DitrbFlota[[#This Row],[TIPO BUS]]&"-"&DitrbFlota[[#This Row],[MARCA CHASIS]] -> A2-VOLVO | O7: =MONTH(DitrbFlota[[#This Row],[Inicio Operación]]) -> 9 | P7: =YEAR(DitrbFlota[[#This Row],[Inicio Operación]]) -> 2024 | Q7: 77 | S7: FS | T7: 16
A8: US2 | B8: FLXR78 | C8: 6000 | D8: BPAL | E8: FOB | F8: MERCEDES BENZ | G8: A. LUCO | H8: A. LUCO | I8: 45003 | J8: PROVISIÓN | K8: OMJJA | L8: A. LUCO | N8: =DitrbFlota[[#This Row],[TIPO BUS]]&"-"&DitrbFlota[[#This Row],[MARCA CHASIS]] -> BPAL-MERCEDES BENZ | O8: =MONTH(DitrbFlota[[#This Row],[Inicio Operación]]) -> 3 | P8: =YEAR(DitrbFlota[[#This Row],[Inicio Operación]]) -> 2023 | Q8: 90 | S8: FAUX | T8: 2
A9: US2 | B9: FLXR79 | C9: 6001 | D9: BPAL | E9: FOB | F9: MERCEDES BENZ | G9: A. LUCO | H9: A. LUCO | I9: 45003 | J9: PROVISIÓN | K9: OMJJA | L9: A. LUCO | N9: =DitrbFlota[[#This Row],[TIPO BUS]]&"-"&DitrbFlota[[#This Row],[MARCA CHASIS]] -> BPAL-MERCEDES BENZ | O9: =MONTH(DitrbFlota[[#This Row],[Inicio Operación]]) -> 3 | P9: =YEAR(DitrbFlota[[#This Row],[Inicio Operación]]) -> 2023 | Q9: 90 | S9: US2 | T9: 377
A10: US2 | B10: FLXR80 | C10: 6002 | D10: BPAL | E10: FOB | F10: MERCEDES BENZ | G10: A. LUCO | H10: A. LUCO | I10: 45003 | J10: PROVISIÓN | K10: OMJJA | L10: A. LUCO | N10: =DitrbFlota[[#This Row],[TIPO BUS]]&"-"&DitrbFlota[[#This Row],[MARCA CHASIS]] -> BPAL-MERCEDES BENZ | O10: =MONTH(DitrbFlota[[#This Row],[Inicio Operación]]) -> 3 | P10: =YEAR(DitrbFlota[[#This Row],[Inicio Operación]]) -> 2023 | Q10: 90 | S10: FOB | T10: 336
A11: US2 | B11: FLXR81 | C11: 6003 | D11: BPAL | E11: FOB | F11: MERCEDES BENZ | G11: A. LUCO | H11: A. LUCO | I11: 45003 | J11: PROVISIÓN | K11: OMJJA | L11: A. LUCO | N11: =DitrbFlota[[#This Row],[TIPO BUS]]&"-"&DitrbFlota[[#This Row],[MARCA CHASIS]] -> BPAL-MERCEDES BENZ | O11: =MONTH(DitrbFlota[[#This Row],[Inicio Operación]]) -> 3 | P11: =YEAR(DitrbFlota[[#This Row],[Inicio Operación]]) -> 2023 | Q11: 90 | S11: FR | T11: 30
A12: US2 | B12: FLXR82 | C12: 6004 | D12: BPAL | E12: FOB | F12: MERCEDES BENZ | G12: A. LUCO | H12: A. LUCO | I12: 45003 | J12: PROVISIÓN | K12: OMJJA | L12: A. LUCO | N12: =DitrbFlota[[#This Row],[TIPO BUS]]&"-"&DitrbFlota[[#This Row],[MARCA CHASIS]] -> BPAL-MERCEDES BENZ | O12: =MONTH(DitrbFlota[[#This Row],[Inicio Operación]]) -> 3 | P12: =YEAR(DitrbFlota[[#This Row],[Inicio Operación]]) -> 2023 | Q12: 90 | S12: FS | T12: 11
A13: US2 | B13: FLXR83 | C13: 6005 | D13: BPAL | E13: FOB | F13: MERCEDES BENZ | G13: A. LUCO | H13: A. LUCO | I13: 45003 | J13: PROVISIÓN | K13: OMJJA | L13: A. LUCO | N13: =DitrbFlota[[#This Row],[TIPO BUS]]&"-"&DitrbFlota[[#This Row],[MARCA CHASIS]] -> BPAL-MERCEDES BENZ | O13: =MONTH(DitrbFlota[[#This Row],[Inicio Operación]]) -> 3 | P13: =YEAR(DitrbFlota[[#This Row],[Inicio Operación]]) -> 2023 | Q13: 90 | S13: Total general | T13: 740
A14: US2 | B14: FLXR85 | C14: 6007 | D14: BPAL | E14: FOB | F14: MERCEDES BENZ | G14: A. LUCO | H14: A. LUCO | I14: 45003 | J14: PROVISIÓN | K14: OMJJA | L14: A. LUCO | N14: =DitrbFlota[[#This Row],[TIPO BUS]]&"-"&DitrbFlota[[#This Row],[MARCA CHASIS]] -> BPAL-MERCEDES BENZ | O14: =MONTH(DitrbFlota[[#This Row],[Inicio Operación]]) -> 3 | P14: =YEAR(DitrbFlota[[#This Row],[Inicio Operación]]) -> 2023 | Q14: 90
A15: US2 | B15: FLXR86 | C15: 6008 | D15: BPAL | E15: FOB | F15: MERCEDES BENZ | G15: A. LUCO | H15: A. LUCO | I15: 45003 | J15: PROVISIÓN | K15: OMJJA | L15: A. LUCO | N15: =DitrbFlota[[#This Row],[TIPO BUS]]&"-"&DitrbFlota[[#This Row],[MARCA CHASIS]] -> BPAL-MERCEDES BENZ | O15: =MONTH(DitrbFlota[[#This Row],[Inicio Operación]]) -> 3 | P15: =YEAR(DitrbFlota[[#This Row],[Inicio Operación]]) -> 2023 | Q15: 90
A16: US2 | B16: FLXR89 | C16: 6011 | D16: BPAL | E16: FR | F16: MERCEDES BENZ | G16: A. LUCO | H16: A. LUCO | I16: 45003 | J16: PROVISIÓN | K16: OMJJA | L16: A. LUCO | N16: =DitrbFlota[[#This Row],[TIPO BUS]]&"-"&DitrbFlota[[#This Row],[MARCA CHASIS]] -> BPAL-MERCEDES BENZ | O16: =MONTH(DitrbFlota[[#This Row],[Inicio Operación]]) -> 3 | P16: =YEAR(DitrbFlota[[#This Row],[Inicio Operación]]) -> 2023 | Q16: 90
A17: US2 | B17: FLXR90 | C17: 6012 | D17: BPAL | E17: FOB | F17: MERCEDES BENZ | G17: A. LUCO | H17: A. LUCO | I17: 45003 | J17: PROVISIÓN | K17: OMJJA | L17: A. LUCO | N17: =DitrbFlota[[#This Row],[TIPO BUS]]&"-"&DitrbFlota[[#This Row],[MARCA CHASIS]] -> BPAL-MERCEDES BENZ | O17: =MONTH(DitrbFlota[[#This Row],[Inicio Operación]]) -> 3 | P17: =YEAR(DitrbFlota[[#This Row],[Inicio Operación]]) -> 2023 | Q17: 90
A18: US2 | B18: FLXR91 | C18: 6013 | D18: BPAL | E18: FOB | F18: MERCEDES BENZ | G18: A. LUCO | H18: A. LUCO | I18: 45003 | J18: PROVISIÓN | K18: OMJJA | L18: A. LUCO | N18: =DitrbFlota[[#This Row],[TIPO BUS]]&"-"&DitrbFlota[[#This Row],[MARCA CHASIS]] -> BPAL-MERCEDES BENZ | O18: =MONTH(DitrbFlota[[#This Row],[Inicio Operación]]) -> 3 | P18: =YEAR(DitrbFlota[[#This Row],[Inicio Operación]]) -> 2023 | Q18: 90
A19: US2 | B19: FLXR92 | C19: 6014 | D19: BPAL | E19: FOB | F19: MERCEDES BENZ | G19: A. LUCO | H19: A. LUCO | I19: 45003 | J19: PROVISIÓN | K19: OMJJA | L19: A. LUCO | N19: =DitrbFlota[[#This Row],[TIPO BUS]]&"-"&DitrbFlota[[#This Row],[MARCA CHASIS]] -> BPAL-MERCEDES BENZ | O19: =MONTH(DitrbFlota[[#This Row],[Inicio Operación]]) -> 3 | P19: =YEAR(DitrbFlota[[#This Row],[Inicio Operación]]) -> 2023 | Q19: 90
A20: US2 | B20: FLXR93 | C20: 6015 | D20: BPAL | E20: FOB | F20: MERCEDES BENZ | G20: A. LUCO | H20: A. LUCO | I20: 45003 | J20: PROVISIÓN | K20: OMJJA | L20: A. LUCO | N20: =DitrbFlota[[#This Row],[TIPO BUS]]&"-"&DitrbFlota[[#This Row],[MARCA CHASIS]] -> BPAL-MERCEDES BENZ | O20: =MONTH(DitrbFlota[[#This Row],[Inicio Operación]]) -> 3 | P20: =YEAR(DitrbFlota[[#This Row],[Inicio Operación]]) -> 2023 | Q20: 90
A21: US2 | B21: FLXR73 | C21: 6016 | D21: BPAL | E21: FS | F21: MERCEDES BENZ | G21: A. LUCO | H21: A. LUCO | I21: 45024 | J21: PROVISIÓN | K21: OMJJA | L21: A. LUCO | N21: =DitrbFlota[[#This Row],[TIPO BUS]]&"-"&DitrbFlota[[#This Row],[MARCA CHASIS]] -> BPAL-MERCEDES BENZ | O21: =MONTH(DitrbFlota[[#This Row],[Inicio Operación]]) -> 4 | P21: =YEAR(DitrbFlota[[#This Row],[Inicio Operación]]) -> 2023 | Q21: 90
A22: US2 | B22: FLXR74 | C22: 6017 | D22: BPAL | E22: FS | F22: MERCEDES BENZ | G22: A. LUCO | H22: A. LUCO | I22: 45024 | J22: PROVISIÓN | K22: OMJJA | L22: A. LUCO | N22: =DitrbFlota[[#This Row],[TIPO BUS]]&"-"&DitrbFlota[[#This Row],[MARCA CHASIS]] -> BPAL-MERCEDES BENZ | O22: =MONTH(DitrbFlota[[#This Row],[Inicio Operación]]) -> 4 | P22: =YEAR(DitrbFlota[[#This Row],[Inicio Operación]]) -> 2023 | Q22: 90
A23: US2 | B23: FLXR75 | C23: 6018 | D23: BPAL | E23: FS | F23: MERCEDES BENZ | G23: A. LUCO | H23: A. LUCO | I23: 45024 | J23: PROVISIÓN | K23: OMJJA | L23: A. LUCO | N23: =DitrbFlota[[#This Row],[TIPO BUS]]&"-"&DitrbFlota[[#This Row],[MARCA CHASIS]] -> BPAL-MERCEDES BENZ | O23: =MONTH(DitrbFlota[[#This Row],[Inicio Operación]]) -> 4 | P23: =YEAR(DitrbFlota[[#This Row],[Inicio Operación]]) -> 2023 | Q23: 90
A24: US2 | B24: FLXR76 | C24: 6019 | D24: BPAL | E24: FS | F24: MERCEDES BENZ | G24: A. LUCO | H24: A. LUCO | I24: 45024 | J24: PROVISIÓN | K24: OMJJA | L24: A. LUCO | N24: =DitrbFlota[[#This Row],[TIPO BUS]]&"-"&DitrbFlota[[#This Row],[MARCA CHASIS]] -> BPAL-MERCEDES BENZ | O24: =MONTH(DitrbFlota[[#This Row],[Inicio Operación]]) -> 4 | P24: =YEAR(DitrbFlota[[#This Row],[Inicio Operación]]) -> 2023 | Q24: 90
A25: US2 | B25: FLXR77 | C25: 6020 | D25: BPAL | E25: FS | F25: MERCEDES BENZ | G25: A. LUCO | H25: A. LUCO | I25: 45024 | J25: PROVISIÓN | K25: OMJJA | L25: A. LUCO | M25: BUS PRÉSTAMO DE PIE ANDINO | N25: =DitrbFlota[[#This Row],[TIPO BUS]]&"-"&DitrbFlota[[#This Row],[MARCA CHASIS]] -> BPAL-MERCEDES BENZ | O25: =MONTH(DitrbFlota[[#This Row],[Inicio Operación]]) -> 4 | P25: =YEAR(DitrbFlota[[#This Row],[Inicio Operación]]) -> 2023 | Q25: 90
A26: US2 | B26: FLXS32 | C26: 6021 | D26: BPAL | E26: FS | F26: MERCEDES BENZ | G26: A. LUCO | H26: A. LUCO | I26: 45024 | J26: PROVISIÓN | K26: OMJJA | L26: A. LUCO | M26: BUS PRÉSTAMO DE PIE ANDINO | N26: =DitrbFlota[[#This Row],[TIPO BUS]]&"-"&DitrbFlota[[#This Row],[MARCA CHASIS]] -> BPAL-MERCEDES BENZ | O26: =MONTH(DitrbFlota[[#This Row],[Inicio Operación]]) -> 4 | P26: =YEAR(DitrbFlota[[#This Row],[Inicio Operación]]) -> 2023 | Q26: 90
A27: US2 | B27: FLXS33 | C27: 6022 | D27: BPAL | E27: FS | F27: MERCEDES BENZ | G27: A. LUCO | H27: A. LUCO | I27: 45024 | J27: PROVISIÓN | K27: OMJJA | L27: A. LUCO | N27: =DitrbFlota[[#This Row],[TIPO BUS]]&"-"&DitrbFlota[[#This Row],[MARCA CHASIS]] -> BPAL-MERCEDES BENZ | O27: =MONTH(DitrbFlota[[#This Row],[Inicio Operación]]) -> 4 | P27: =YEAR(DitrbFlota[[#This Row],[Inicio Operación]]) -> 2023 | Q27: 90
A28: US2 | B28: FLXS38 | C28: 6023 | D28: BPAL | E28: FS | F28: MERCEDES BENZ | G28: A. LUCO | H28: A. LUCO | I28: 45024 | J28: PROVISIÓN | K28: OMJJA | L28: A. LUCO | M28: BUS PRÉSTAMO DE PIE ANDINO | N28: =DitrbFlota[[#This Row],[TIPO BUS]]&"-"&DitrbFlota[[#This Row],[MARCA CHASIS]] -> BPAL-MERCEDES BENZ | O28: =MONTH(DitrbFlota[[#This Row],[Inicio Operación]]) -> 4 | P28: =YEAR(DitrbFlota[[#This Row],[Inicio Operación]]) -> 2023 | Q28: 90
A29: US2 | B29: FLXS39 | C29: 6024 | D29: BPAL | E29: FS | F29: MERCEDES BENZ | G29: A. LUCO | H29: A. LUCO | I29: 45024 | J29: PROVISIÓN | K29: OMJJA | L29: A. LUCO | N29: =DitrbFlota[[#This Row],[TIPO BUS]]&"-"&DitrbFlota[[#This Row],[MARCA CHASIS]] -> BPAL-MERCEDES BENZ | O29: =MONTH(DitrbFlota[[#This Row],[Inicio Operación]]) -> 4 | P29: =YEAR(DitrbFlota[[#This Row],[Inicio Operación]]) -> 2023 | Q29: 90
A30: US2 | B30: FLXS40 | C30: 6025 | D30: BPAL | E30: FS | F30: MERCEDES BENZ | G30: A. LUCO | H30: A. LUCO | I30: 45024 | J30: PROVISIÓN | K30: OMJJA | L30: A. LUCO | N30: =DitrbFlota[[#This Row],[TIPO BUS]]&"-"&DitrbFlota[[#This Row],[MARCA CHASIS]] -> BPAL-MERCEDES BENZ | O30: =MONTH(DitrbFlota[[#This Row],[Inicio Operación]]) -> 4 | P30: =YEAR(DitrbFlota[[#This Row],[Inicio Operación]]) -> 2023 | Q30: 90
A31: US2 | B31: FLXS41 | C31: 6026 | D31: BPAL | E31: FS | F31: MERCEDES BENZ | G31: A. LUCO | H31: A. LUCO | I31: 45024 | J31: PROVISIÓN | K31: OMJJA | L31: A. LUCO | M31: BUS PRÉSTAMO DE PIE ANDINO | N31: =DitrbFlota[[#This Row],[TIPO BUS]]&"-"&DitrbFlota[[#This Row],[MARCA CHASIS]] -> BPAL-MERCEDES BENZ | O31: =MONTH(DitrbFlota[[#This Row],[Inicio Operación]]) -> 4 | P31: =YEAR(DitrbFlota[[#This Row],[Inicio Operación]]) -> 2023 | Q31: 90
A32: US2 | B32: SHCW61 | C32: 6093 | D32: B2 | E32: FOB | F32: VOLVO | G32: A. LUCO | H32: A. LUCO | I32: 44982 | J32: SUMINISTRO | K32: OMJJA | L32: A. LUCO | N32: =DitrbFlota[[#This Row],[TIPO BUS]]&"-"&DitrbFlota[[#This Row],[MARCA CHASIS]] -> B2-VOLVO | O32: =MONTH(DitrbFlota[[#This Row],[Inicio Operación]]) -> 2 | P32: =YEAR(DitrbFlota[[#This Row],[Inicio Operación]]) -> 2023 | Q32: 96
A33: US2 | B33: SHCW64 | C33: 6096 | D33: B2 | E33: FR | F33: VOLVO | G33: A. LUCO | H33: A. LUCO | I33: 44982 | J33: SUMINISTRO | K33: OMJJA | L33: A. LUCO | N33: =DitrbFlota[[#This Row],[TIPO BUS]]&"-"&DitrbFlota[[#This Row],[MARCA CHASIS]] -> B2-VOLVO | O33: =MONTH(DitrbFlota[[#This Row],[Inicio Operación]]) -> 2 | P33: =YEAR(DitrbFlota[[#This Row],[Inicio Operación]]) -> 2023 | Q33: 96
A34: US2 | B34: SHCW71 | C34: 6101 | D34: B2 | E34: FOB | F34: VOLVO | G34: A. LUCO | H34: A. LUCO | I34: 44982 | J34: SUMINISTRO | K34: OMJJA | L34: A. LUCO | N34: =DitrbFlota[[#This Row],[TIPO BUS]]&"-"&DitrbFlota[[#This Row],[MARCA CHASIS]] -> B2-VOLVO | O34: =MONTH(DitrbFlota[[#This Row],[Inicio Operación]]) -> 2 | P34: =YEAR(DitrbFlota[[#This Row],[Inicio Operación]]) -> 2023 | Q34: 96
A35: US2 | B35: SHCW75 | C35: 6104 | D35: B2 | E35: FOB | F35: VOLVO | G35: A. LUCO | H35: A. LUCO | I35: 44982 | J35: SUMINISTRO | K35: OMJJA | L35: A. LUCO | N35: =DitrbFlota[[#This Row],[TIPO BUS]]&"-"&DitrbFlota[[#This Row],[MARCA CHASIS]] -> B2-VOLVO | O35: =MONTH(DitrbFlota[[#This Row],[Inicio Operación]]) -> 2 | P35: =YEAR(DitrbFlota[[#This Row],[Inicio Operación]]) -> 2023 | Q35: 96
A36: US2 | B36: SHCW76 | C36: 6105 | D36: B2 | E36: FOB | F36: VOLVO | G36: A. LUCO | H36: A. LUCO | I36: 44982 | J36: SUMINISTRO | K36: OMJJA | L36: A. LUCO | N36: =DitrbFlota[[#This Row],[TIPO BUS]]&"-"&DitrbFlota[[#This Row],[MARCA CHASIS]] -> B2-VOLVO | O36: =MONTH(DitrbFlota[[#This Row],[Inicio Operación]]) -> 2 | P36: =YEAR(DitrbFlota[[#This Row],[Inicio Operación]]) -> 2023 | Q36: 96
A37: US2 | B37: SHCW77 | C37: 6106 | D37: B2 | E37: FOB | F37: VOLVO | G37: A. LUCO | H37: A. LUCO | I37: 44982 | J37: SUMINISTRO | K37: OMJJA | L37: A. LUCO | N37: =DitrbFlota[[#This Row],[TIPO BUS]]&"-"&DitrbFlota[[#This Row],[MARCA CHASIS]] -> B2-VOLVO | O37: =MONTH(DitrbFlota[[#This Row],[Inicio Operación]]) -> 2 | P37: =YEAR(DitrbFlota[[#This Row],[Inicio Operación]]) -> 2023 | Q37: 96
A38: US2 | B38: SHCW79 | C38: 6108 | D38: B2 | E38: FOB | F38: VOLVO | G38: A. LUCO | H38: A. LUCO | I38: 44982 | J38: SUMINISTRO | K38: OMJJA | L38: A. LUCO | N38: =DitrbFlota[[#This Row],[TIPO BUS]]&"-"&DitrbFlota[[#This Row],[MARCA CHASIS]] -> B2-VOLVO | O38: =MONTH(DitrbFlota[[#This Row],[Inicio Operación]]) -> 2 | P38: =YEAR(DitrbFlota[[#This Row],[Inicio Operación]]) -> 2023 | Q38: 96
A39: US2 | B39: SHCX26 | C39: 6111 | D39: B2 | E39: FOB | F39: VOLVO | G39: A. LUCO | H39: A. LUCO | I39: 44982 | J39: SUMINISTRO | K39: OMJJA | L39: A. LUCO | N39: =DitrbFlota[[#This Row],[TIPO BUS]]&"-"&DitrbFlota[[#This Row],[MARCA CHASIS]] -> B2-VOLVO | O39: =MONTH(DitrbFlota[[#This Row],[Inicio Operación]]) -> 2 | P39: =YEAR(DitrbFlota[[#This Row],[Inicio Operación]]) -> 2023 | Q39: 96
A40: US2 | B40: SHCX27 | C40: 6112 | D40: B2 | E40: FOB | F40: VOLVO | G40: A. LUCO | H40: A. LUCO | I40: 44982 | J40: SUMINISTRO | K40: OMJJA | L40: A. LUCO | N40: =DitrbFlota[[#This Row],[TIPO BUS]]&"-"&DitrbFlota[[#This Row],[MARCA CHASIS]] -> B2-VOLVO | O40: =MONTH(DitrbFlota[[#This Row],[Inicio Operación]]) -> 2 | P40: =YEAR(DitrbFlota[[#This Row],[Inicio Operación]]) -> 2023 | Q40: 96
A41: US2 | B41: SHCX29 | C41: 6114 | D41: B2 | E41: FOB | F41: VOLVO | G41: A. LUCO | H41: A. LUCO | I41: 44982 | J41: SUMINISTRO | K41: OMJJA | L41: A. LUCO | N41: =DitrbFlota[[#This Row],[TIPO BUS]]&"-"&DitrbFlota[[#This Row],[MARCA CHASIS]] -> B2-VOLVO | O41: =MONTH(DitrbFlota[[#This Row],[Inicio Operación]]) -> 2 | P41: =YEAR(DitrbFlota[[#This Row],[Inicio Operación]]) -> 2023 | Q41: 96
A42: US2 | B42: SHCX30 | C42: 6115 | D42: B2 | E42: FOB | F42: VOLVO | G42: A. LUCO | H42: A. LUCO | I42: 44982 | J42: SUMINISTRO | K42: OMJJA | L42: A. LUCO | N42: =DitrbFlota[[#This Row],[TIPO BUS]]&"-"&DitrbFlota[[#This Row],[MARCA CHASIS]] -> B2-VOLVO | O42: =MONTH(DitrbFlota[[#This Row],[Inicio Operación]]) -> 2 | P42: =YEAR(DitrbFlota[[#This Row],[Inicio Operación]]) -> 2023 | Q42: 96
A43: US2 | B43: SHCX31 | C43: 6116 | D43: B2 | E43: FOB | F43: VOLVO | G43: A. LUCO | H43: A. LUCO | I43: 44982 | J43: SUMINISTRO | K43: OMJJA | L43: A. LUCO | N43: =DitrbFlota[[#This Row],[TIPO BUS]]&"-"&DitrbFlota[[#This Row],[MARCA CHASIS]] -> B2-VOLVO | O43: =MONTH(DitrbFlota[[#This Row],[Inicio Operación]]) -> 2 | P43: =YEAR(DitrbFlota[[#This Row],[Inicio Operación]]) -> 2023 | Q43: 96
... A209: US1 | B209: LXDH90 | C209: 2048 | D209: B2 | E209: FOB | F209: SCANIA | G209: EL RETIRO | H209: EL RETIRO | I209: 44912 | J209: PROVISIÓN | K209: ALRET | L209: CONDELL | N209: =DitrbFlota[[#This Row],[TIPO BUS]]&"-"&DitrbFlota[[#This Row],[MARCA CHASIS]] -> B2-SCANIA | O209: =MONTH(DitrbFlota[[#This Row],[Inicio Operación]]) -> 12 | P209: =YEAR(DitrbFlota[[#This Row],[Inicio Operación]]) -> 2022 | Q209: 96
A210: US1 | B210: LXDH91 | C210: 2049 | D210: B2 | E210: FOB | F210: SCANIA | G210: EL RETIRO | H210: EL RETIRO | I210: 44912 | J210: PROVISIÓN | K210: ALRET | L210: CONDELL | M210: QUEMADO 10-04 | N210: =DitrbFlota[[#This Row],[TIPO BUS]]&"-"&DitrbFlota[[#This Row],[MARCA CHASIS]] -> B2-SCANIA | O210: =MONTH(DitrbFlota[[#This Row],[Inicio Operación]]) -> 12 | P210: =YEAR(DitrbFlota[[#This Row],[Inicio Operación]]) -> 2022 | Q210: 96
A211: US1 | B211: LXDH92 | C211: 2050 | D211: B2 | E211: FOB | F211: SCANIA | G211: EL RETIRO | H211: EL RETIRO | I211: 44912 | J211: PROVISIÓN | K211: ALRET | L211: CONDELL | N211: =DitrbFlota[[#This Row],[TIPO BUS]]&"-"&DitrbFlota[[#This Row],[MARCA CHASIS]] -> B2-SCANIA | O211: =MONTH(DitrbFlota[[#This Row],[Inicio Operación]]) -> 12 | P211: =YEAR(DitrbFlota[[#This Row],[Inicio Operación]]) -> 2022 | Q211: 96
A212: US1 | B212: LXDH93 | C212: 2051 | D212: B2 | E212: FOB | F212: SCANIA | G212: EL RETIRO | H212: EL RETIRO | I212: 44912 | J212: PROVISIÓN | K212: ALRET | L212: CONDELL | N212: =DitrbFlota[[#This Row],[TIPO BUS]]&"-"&DitrbFlota[[#This Row],[MARCA CHASIS]] -> B2-SCANIA | O212: =MONTH(DitrbFlota[[#This Row],[Inicio Operación]]) -> 12 | P212: =YEAR(DitrbFlota[[#This Row],[Inicio Operación]]) -> 2022 | Q212: 96
A213: US1 | B213: LXDH94 | C213: 2052 | D213: B2 | E213: FOB | F213: SCANIA | G213: EL RETIRO | H213: EL RETIRO | I213: 44912 | J213: PROVISIÓN | K213: ALRET | L213: CONDELL | N213: =DitrbFlota[[#This Row],[TIPO BUS]]&"-"&DitrbFlota[[#This Row],[MARCA CHASIS]] -> B2-SCANIA | O213: =MONTH(DitrbFlota[[#This Row],[Inicio Operación]]) -> 12 | P213: =YEAR(DitrbFlota[[#This Row],[Inicio Operación]]) -> 2022 | Q213: 96
A214: US1 | B214: LXDH95 | C214: 2053 | D214: B2 | E214: FOB | F214: SCANIA | G214: EL RETIRO | H214: EL RETIRO | I214: 44912 | J214: PROVISIÓN | K214: ALRET | L214: CONDELL | N214: =DitrbFlota[[#This Row],[TIPO BUS]]&"-"&DitrbFlota[[#This Row],[MARCA CHASIS]] -> B2-SCANIA | O214: =MONTH(DitrbFlota[[#This Row],[Inicio Operación]]) -> 12 | P214: =YEAR(DitrbFlota[[#This Row],[Inicio Operación]]) -> 2022 | Q214: 96
A215: US1 | B215: LXDH96 | C215: 2054 | D215: B2 | E215: FOB | F215: SCANIA | G215: EL RETIRO | H215: EL RETIRO | I215: 44912 | J215: PROVISIÓN | K215: ALRET | L215: CONDELL | N215: =DitrbFlota[[#This Row],[TIPO BUS]]&"-"&DitrbFlota[[#This Row],[MARCA CHASIS]] -> B2-SCANIA | O215: =MONTH(DitrbFlota[[#This Row],[Inicio Operación]]) -> 12 | P215: =YEAR(DitrbFlota[[#This Row],[Inicio Operación]]) -> 2022 | Q215: 96
A216: US1 | B216: LXDH97 | C216: 2055 | D216: B2 | E216: FOB | F216: SCANIA | G216: EL RETIRO | H216: EL RETIRO | I216: 44912 | J216: PROVISIÓN | K216: ALRET | L216: CONDELL | N216: =DitrbFlota[[#This Row],[TIPO BUS]]&"-"&DitrbFlota[[#This Row],[MARCA CHASIS]] -> B2-SCANIA | O216: =MONTH(DitrbFlota[[#This Row],[Inicio Operación]]) -> 12 | P216: =YEAR(DitrbFlota[[#This Row],[Inicio Operación]]) -> 2022 | Q216: 96
A217: US1 | B217: LXDH98 | C217: 2056 | D217: B2 | E217: FOB | F217: SCANIA | G217: EL RETIRO | H217: EL RETIRO | I217: 44912 | J217: PROVISIÓN | K217: ALRET | L217: CONDELL | N217: =DitrbFlota[[#This Row],[TIPO BUS]]&"-"&DitrbFlota[[#This Row],[MARCA CHASIS]] -> B2-SCANIA | O217: =MONTH(DitrbFlota[[#This Row],[Inicio Operación]]) -> 12 | P217: =YEAR(DitrbFlota[[#This Row],[Inicio Operación]]) -> 2022 | Q217: 96
A218: US1 | B218: LXDH99 | C218: 2057 | D218: B2 | E218: FOB | F218: SCANIA | G218: EL RETIRO | H218: EL RETIRO | I218: 44912 | J218: PROVISIÓN | K218: ALRET | L218: CONDELL | N218: =DitrbFlota[[#This Row],[TIPO BUS]]&"-"&DitrbFlota[[#This Row],[MARCA CHASIS]] -> B2-SCANIA | O218: =MONTH(DitrbFlota[[#This Row],[Inicio Operación]]) -> 12 | P218: =YEAR(DitrbFlota[[#This Row],[Inicio Operación]]) -> 2022 | Q218: 96
A219: US1 | B219: LXDJ10 | C219: 2058 | D219: B2 | E219: FOB | F219: SCANIA | G219: EL RETIRO | H219: EL RETIRO | I219: 44912 | J219: PROVISIÓN | K219: ALRET | L219: CONDELL | N219: =DitrbFlota[[#This Row],[TIPO BUS]]&"-"&DitrbFlota[[#This Row],[MARCA CHASIS]] -> B2-SCANIA | O219: =MONTH(DitrbFlota[[#This Row],[Inicio Operación]]) -> 12 | P219: =YEAR(DitrbFlota[[#This Row],[Inicio Operación]]) -> 2022 | Q219: 96
A220: US1 | B220: LXDJ11 | C220: 2059 | D220: B2 | E220: FOB | F220: SCANIA | G220: EL RETIRO | H220: EL RETIRO | I220: 44928 | J220: PROVISIÓN | K220: ALRET | L220: CONDELL | N220: =DitrbFlota[[#This Row],[TIPO BUS]]&"-"&DitrbFlota[[#This Row],[MARCA CHASIS]] -> B2-SCANIA | O220: =MONTH(DitrbFlota[[#This Row],[Inicio Operación]]) -> 1 | P220: =YEAR(DitrbFlota[[#This Row],[Inicio Operación]]) -> 2023 | Q220: 96
A221: US1 | B221: LXDJ12 | C221: 2060 | D221: B2 | E221: FOB | F221: SCANIA | G221: EL RETIRO | H221: EL RETIRO | I221: 44912 | J221: PROVISIÓN | K221: ALRET | L221: CONDELL | N221: =DitrbFlota[[#This Row],[TIPO BUS]]&"-"&DitrbFlota[[#This Row],[MARCA CHASIS]] -> B2-SCANIA | O221: =MONTH(DitrbFlota[[#This Row],[Inicio Operación]]) -> 12 | P221: =YEAR(DitrbFlota[[#This Row],[Inicio Operación]]) -> 2022 | Q221: 96
A222: US1 | B222: LXDJ13 | C222: 2061 | D222: B2 | E222: FOB | F222: SCANIA | G222: EL RETIRO | H222: EL RETIRO | I222: 44912 | J222: PROVISIÓN | K222: ALRET | L222: CONDELL | N222: =DitrbFlota[[#This Row],[TIPO BUS]]&"-"&DitrbFlota[[#This Row],[MARCA CHASIS]] -> B2-SCANIA | O222: =MONTH(DitrbFlota[[#This Row],[Inicio Operación]]) -> 12 | P222: =YEAR(DitrbFlota[[#This Row],[Inicio Operación]]) -> 2022 | Q222: 96
... A737: US1 | B737: TXZH32 | C737: 3132 | D737: BE | E737: FR | F737: FOTON | G737: STA MARTA | H737: STA MARTA | I737: 45692 | J737: PROVISIÓN | K737: ALSMT | L737: STA MARTA | N737: =DitrbFlota[[#This Row],[TIPO BUS]]&"-"&DitrbFlota[[#This Row],[MARCA CHASIS]] -> BE-FOTON | O737: =MONTH(DitrbFlota[[#This Row],[Inicio Operación]]) -> 2 | P737: =YEAR(DitrbFlota[[#This Row],[Inicio Operación]]) -> 2025 | Q737: 90
A738: US1 | B738: FLXP67 | C738: 2027 | D738: BPAL | E738: FS | F738: MERCEDES BENZ | G738: STA MARTA | H738: STA MARTA | I738: 45024 | J738: PROVISIÓN | K738: ALSMT | L738: STA MARTA | M738: REPARACIÓN MAYOR | N738: BPAL-MERCEDES BENZ | O738: 4 | P738: 2023 | Q738: 90
A739: US1 | B739: FLXS60 | C739: 2017 | D739: BPAL | E739: FAUX | F739: MERCEDES BENZ | G739: STA MARTA | H739: STA MARTA | I739: 45038 | J739: PROVISIÓN | K739: ALSMT | L739: STA MARTA | M739: REPARACIÓN MAYOR | N739: BPAL-MERCEDES BENZ | O739: 4 | P739: 2023 | Q739: 90
A740: US1 | B740: FLXS62 | C740: 2019 | D740: BPAL | E740: FAUX | F740: MERCEDES BENZ | G740: STA MARTA | H740: STA MARTA | I740: 45038 | J740: PROVISIÓN | K740: ALSMT | L740: STA MARTA | M740: REPARACIÓN MAYOR | N740: BPAL-MERCEDES BENZ | O740: 4 | P740: 2023 | Q740: 90
A741: US2 | B741: FLXR87 | C741: 6009 | D741: BPAL | E741: FOB | F741: MERCEDES BENZ | G741: A. LUCO | H741: A. LUCO | I741: 45003 | J741: PROVISIÓN | K741: OMJJA | L741: A. LUCO | M741: REPARACIÓN MAYOR | N741: BPAL-MERCEDES BENZ | O741: 3 | P741: 2023 | Q741: 90

Sheet Histórico
A1: EMPRESA | B1: PLACA | C1: INTERNO | D1: TIPO BUS | E1: TIPO FLOTA | F1: MARCA CHASIS | G1: TERMINAL OP | H1: Inicio Operación | I1: ORIGEN | J1: Planta Repuesto | K1: DTPM | L1: Observación | M1: Busqueda | N1: Mes inicio operación | O1: Año inicio operación | P1: DADO DE BAJA SEREMITT | Q1: Chatarra
A2: US2 | B2: SHCX41 | C2: 5000 | D2: A2 | E2: FOB | F2: VOLVO | G2: A. LUCO | H2: 44982 | I2: SUMINISTRO | J2: OMJJA | K2: A. LUCO | L2: BUS QUEMADO | M2: =Tabla14[[#This Row],[TIPO BUS]]&"-"&Tabla14[[#This Row],[MARCA CHASIS]] -> A2-VOLVO | N2: =MONTH(Tabla14[[#This Row],[Inicio Operación]]) -> 2 | O2: =YEAR(Tabla14[[#This Row],[Inicio Operación]]) -> 2023 | P2: 45531 | Q2: SI
A3: US2 | B3: SHCW73 | C3: 6103 | D3: B2 | E3: FR | F3: VOLVO | G3: A. LUCO | H3: 44982 | I3: SUMINISTRO | J3: OMJJA | K3: A. LUCO | L3: BUS QUEMADO | M3: =Tabla14[[#This Row],[TIPO BUS]]&"-"&Tabla14[[#This Row],[MARCA CHASIS]] -> B2-VOLVO | N3: =MONTH(Tabla14[[#This Row],[Inicio Operación]]) -> 2 | O3: =YEAR(Tabla14[[#This Row],[Inicio Operación]]) -> 2023 | P3: 45531
A4: US2 | B4: SHCY48 | C4: 5008 | D4: A2 | E4: FOB | F4: VOLVO | G4: PIE ANDINO | H4: 45003 | I4: SUMINISTRO | J4: OMPAN | K4: PIE ANDINO | L4: BUS QUEMADO | M4: =Tabla14[[#This Row],[TIPO BUS]]&"-"&Tabla14[[#This Row],[MARCA CHASIS]] -> A2-VOLVO | N4: =MONTH(Tabla14[[#This Row],[Inicio Operación]]) -> 3 | O4: =YEAR(Tabla14[[#This Row],[Inicio Operación]]) -> 2023 | P4: 45531 | Q4: SI
A5: US2 | B5: SHXF38 | C5: 5021 | D5: A2 | E5: FOB | F5: VOLVO | G5: PIE ANDINO | H5: 45003 | I5: SUMINISTRO | J5: OMPAN | K5: PIE ANDINO | L5: BUS QUEMADO | M5: =Tabla14[[#This Row],[TIPO BUS]]&"-"&Tabla14[[#This Row],[MARCA CHASIS]] -> A2-VOLVO | N5: =MONTH(Tabla14[[#This Row],[Inicio Operación]]) -> 3 | O5: =YEAR(Tabla14[[#This Row],[Inicio Operación]]) -> 2023 | P5: 45573 | Q5: SI
A6: US2 | B6: LBTS93 | C6: 6044 | D6: B2 | E6: FOB | F6: MERCEDES BENZ | G6: PIE ANDINO | H6: 45003 | I6: PROVISIÓN | J6: OMPAN | K6: PIE ANDINO | L6: BUS QUEMADO | M6: =Tabla14[[#This Row],[TIPO BUS]]&"-"&Tabla14[[#This Row],[MARCA CHASIS]] -> B2-MERCEDES BENZ | N6: =MONTH(Tabla14[[#This Row],[Inicio Operación]]) -> 3 | O6: =YEAR(Tabla14[[#This Row],[Inicio Operación]]) -> 2023 | P6: 45670 | Q6: PENDIENTE
A7: US1 | B7: SJTD58 | C7: 3003 | D7: BE | E7: FR | F7: FOTON | G7: CONDELL | H7: 44933 | I7: SUMINISTRO | J7: ALCON | K7: CONDELL | L7: BUS QUEMADO, REEMPLAZO VTFK64 | M7: =Tabla14[[#This Row],[TIPO BUS]]&"-"&Tabla14[[#This Row],[MARCA CHASIS]] -> BE-FOTON | N7: =MONTH(Tabla14[[#This Row],[Inicio Operación]]) -> 1 | O7: =YEAR(Tabla14[[#This Row],[Inicio Operación]]) -> 2023 | P7: 45849 | Q7: SI
A8: US2 | B8: FLXR84 | C8: 6006 | D8: BPAL | E8: FOB | F8: MERCEDES BENZ | G8: A. LUCO | H8: 45003 | I8: PROVISIÓN | J8: OMJJA | K8: A. LUCO | L8: BUS QUEMADO | M8: =Tabla14[[#This Row],[TIPO BUS]]&"-"&Tabla14[[#This Row],[MARCA CHASIS]] -> BPAL-MERCEDES BENZ | N8: =MONTH(Tabla14[[#This Row],[Inicio Operación]]) -> 3 | O8: =YEAR(Tabla14[[#This Row],[Inicio Operación]]) -> 2023 | P8: 45888 | Q8: SI
A9: US1 | B9: LXDJ23 | C9: 2071 | D9: B2 | E9: FOB | F9: SCANIA | G9: EL RETIRO | H9: 44912 | I9: PROVISIÓN | J9: ALRET | K9: CONDELL | L9: BUS QUEMADO 21-07 | M9: =Tabla14[[#This Row],[TIPO BUS]]&"-"&Tabla14[[#This Row],[MARCA CHASIS]] -> B2-SCANIA | N9: =MONTH(Tabla14[[#This Row],[Inicio Operación]]) -> 12 | O9: =YEAR(Tabla14[[#This Row],[Inicio Operación]]) -> 2022 | P9: 45930 | Q9: SI
A10: US2 | B10: SPZY72 | C10: 7098 | D10: BE | E10: FOB | F10: FOTON | G10: PIE ANDINO | H10: 45003 | I10: SUMINISTRO | J10: OMPAN | K10: PIE ANDINO | L10: BUS QUEMADO 03-06 | M10: =Tabla14[[#This Row],[TIPO BUS]]&"-"&Tabla14[[#This Row],[MARCA CHASIS]] -> BE-FOTON | N10: =MONTH(Tabla14[[#This Row],[Inicio Operación]]) -> 3 | O10: =YEAR(Tabla14[[#This Row],[Inicio Operación]]) -> 2023 | P10: 45930 | Q10: SI
A11: US2 | B11: FLXR88 | C11: 6010 | D11: BPAL | E11: FOB | F11: MERCEDES BENZ | G11: A. LUCO | H11: 45003 | I11: PROVISIÓN | J11: OMJJA | K11: A. LUCO | L11: QUEMADO 06-11-2025 | M11: =Tabla14[[#This Row],[TIPO BUS]]&"-"&Tabla14[[#This Row],[MARCA CHASIS]] -> BPAL-MERCEDES BENZ | N11: =MONTH(Tabla14[[#This Row],[Inicio Operación]]) -> 3 | O11: =YEAR(Tabla14[[#This Row],[Inicio Operación]]) -> 2023 | P11: 46066

Sheet Inicio Terminales
A1: EMPRESA | B1: PLACA | C1: INTERNO | D1: TIPO BUS | E1: TIPO FLOTA | F1: MARCA CHASIS | G1: Busqueda 1 | H1: TERMINAL OP | I1: Inicio Operación | J1: ORIGEN | K1: Planta Repuesto | L1: Terminal | M1: DTPM | N1: busqueda 2 | Q1: Inicio Operación | R1: Terminal | S1: SCANIA - B2 | T1: FOTON - BE | U1: MERCEDES BENZ - B2 | V1: MERCEDES BENZ - C2 | W1: MERCEDES BENZ - BPAL | X1: VOLVO - A2 | Y1: VOLVO - B2 | Z1: VOLVO - C2 | AA1: YUTONG - BE
A2: US1 | B2: LDJW30 | C2: 2095 | D2: B2 | E2: FOB | F2: MERCEDES BENZ | G2: =_xlfn.CONCAT(inicioTerminales[[#This Row],[MARCA CHASIS]],"-", inicioTerminales[[#This Row],[TIPO BUS]]) -> MERCEDES BENZ-B2 | H2: EL RETIRO | I2: 44933 | J2: PROVISIÓN | K2: ALRET | L2: El Retiro | M2: CONDELL | N2: =inicioTerminales[[#This Row],[TIPO BUS]]&"-"&inicioTerminales[[#This Row],[MARCA CHASIS]] -> B2-MERCEDES BENZ | Q2: 44912 | R2: EL RETIRO | S2: =COUNTIFS($I:$I,$Q2,$G:$G,S$1) -> 22 | T2: =COUNTIFS($I:$I,$Q2,$G:$G,T$1) -> 0 | U2: =COUNTIFS($I:$I,$Q2,$G:$G,U$1) -> 0 | V2: =COUNTIFS($I:$I,$Q2,$G:$G,V$1) -> 0 | W2: =COUNTIFS($I:$I,$Q2,$G:$G,W$1) -> 0 | X2: =COUNTIFS($I:$I,$Q2,$G:$G,X$1) -> 13 | Y2: =COUNTIFS($I:$I,$Q2,$G:$G,Y$1) -> 0 | Z2: =COUNTIFS($I:$I,$Q2,$G:$G,Z$1) -> 0 | AA2: =COUNTIFS($I:$I,$Q2,$G:$G,AA$1) -> 0
A3: US1 | B3: LDJW31 | C3: 2096 | D3: B2 | E3: FOB | F3: MERCEDES BENZ | G3: =_xlfn.CONCAT(inicioTerminales[[#This Row],[MARCA CHASIS]]," - ", inicioTerminales[[#This Row],[TIPO BUS]]) -> MERCEDES BENZ - B2 | H3: EL RETIRO | I3: 44933 | J3: PROVISIÓN | K3: ALRET | L3: El Retiro | M3: CONDELL | N3: =inicioTerminales[[#This Row],[TIPO BUS]]&"-"&inicioTerminales[[#This Row],[MARCA CHASIS]] -> B2-MERCEDES BENZ | Q3: 44928 | R3: STA MARGARITA | S3: =COUNTIFS($I:$I,$Q3,$G:$G,S$1) -> 8 | T3: =COUNTIFS($I:$I,$Q3,$G:$G,T$1) -> 0 | U3: =COUNTIFS($I:$I,$Q3,$G:$G,U$1) -> 0 | V3: =COUNTIFS($I:$I,$Q3,$G:$G,V$1) -> 0 | W3: =COUNTIFS($I:$I,$Q3,$G:$G,W$1) -> 0 | X3: =COUNTIFS($I:$I,$Q3,$G:$G,X$1) -> 0 | Y3: =COUNTIFS($I:$I,$Q3,$G:$G,Y$1) -> 0 | Z3: =COUNTIFS($I:$I,$Q3,$G:$G,Z$1) -> 42 | AA3: =COUNTIFS($I:$I,$Q3,$G:$G,AA$1) -> 0
A4: US1 | B4: LDJW34 | C4: 2097 | D4: B2 | E4: FOB | F4: MERCEDES BENZ | G4: =_xlfn.CONCAT(inicioTerminales[[#This Row],[MARCA CHASIS]]," - ", inicioTerminales[[#This Row],[TIPO BUS]]) -> MERCEDES BENZ - B2 | H4: EL RETIRO | I4: 44933 | J4: PROVISIÓN | K4: ALRET | L4: El Retiro | M4: CONDELL | N4: =inicioTerminales[[#This Row],[TIPO BUS]]&"-"&inicioTerminales[[#This Row],[MARCA CHASIS]] -> B2-MERCEDES BENZ | Q4: 44933 | R4: CONDELL | S4: =COUNTIFS($I:$I,$Q4,$G:$G,S$1) -> 8 | T4: =COUNTIFS($I:$I,$Q4,$G:$G,T$1) -> 42 | U4: =COUNTIFS($I:$I,$Q4,$G:$G,U$1) -> 33 | V4: =COUNTIFS($I:$I,$Q4,$G:$G,V$1) -> 24 | W4: =COUNTIFS($I:$I,$Q4,$G:$G,W$1) -> 0 | X4: =COUNTIFS($I:$I,$Q4,$G:$G,X$1) -> 8 | Y4: =COUNTIFS($I:$I,$Q4,$G:$G,Y$1) -> 0 | Z4: =COUNTIFS($I:$I,$Q4,$G:$G,Z$1) -> 3 | AA4: =COUNTIFS($I:$I,$Q4,$G:$G,AA$1) -> 0
A5: US1 | B5: LDJW35 | C5: 2098 | D5: B2 | E5: FOB | F5: MERCEDES BENZ | G5: =_xlfn.CONCAT(inicioTerminales[[#This Row],[MARCA CHASIS]]," - ", inicioTerminales[[#This Row],[TIPO BUS]]) -> MERCEDES BENZ - B2 | H5: EL RETIRO | I5: 44933 | J5: PROVISIÓN | K5: ALRET | L5: El Retiro | M5: CONDELL | N5: =inicioTerminales[[#This Row],[TIPO BUS]]&"-"&inicioTerminales[[#This Row],[MARCA CHASIS]] -> B2-MERCEDES BENZ | Q5: 44982 | R5: A. LUCO | S5: =COUNTIFS($I:$I,$Q5,$G:$G,S$1) -> 0 | T5: =COUNTIFS($I:$I,$Q5,$G:$G,T$1) -> 0 | U5: =COUNTIFS($I:$I,$Q5,$G:$G,U$1) -> 0 | V5: =COUNTIFS($I:$I,$Q5,$G:$G,V$1) -> 0 | W5: =COUNTIFS($I:$I,$Q5,$G:$G,W$1) -> 0 | X5: =COUNTIFS($I:$I,$Q5,$G:$G,X$1) -> 6 | Y5: =COUNTIFS($I:$I,$Q5,$G:$G,Y$1) -> 67 | Z5: =COUNTIFS($I:$I,$Q5,$G:$G,Z$1) -> 0 | AA5: =COUNTIFS($I:$I,$Q5,$G:$G,AA$1) -> 0
A6: US1 | B6: LDJW36 | C6: 2099 | D6: B2 | E6: FOB | F6: MERCEDES BENZ | G6: =_xlfn.CONCAT(inicioTerminales[[#This Row],[MARCA CHASIS]]," - ", inicioTerminales[[#This Row],[TIPO BUS]]) -> MERCEDES BENZ - B2 | H6: EL RETIRO | I6: 44933 | J6: PROVISIÓN | K6: ALRET | L6: El Retiro | M6: CONDELL | N6: =inicioTerminales[[#This Row],[TIPO BUS]]&"-"&inicioTerminales[[#This Row],[MARCA CHASIS]] -> B2-MERCEDES BENZ | Q6: 44991 | R6: CONDELL | S6: =COUNTIFS($I:$I,$Q6,$G:$G,S$1) -> 0 | T6: =COUNTIFS($I:$I,$Q6,$G:$G,T$1) -> 10 | U6: =COUNTIFS($I:$I,$Q6,$G:$G,U$1) -> 0 | V6: =COUNTIFS($I:$I,$Q6,$G:$G,V$1) -> 0 | W6: =COUNTIFS($I:$I,$Q6,$G:$G,W$1) -> 0 | X6: =COUNTIFS($I:$I,$Q6,$G:$G,X$1) -> 0 | Y6: =COUNTIFS($I:$I,$Q6,$G:$G,Y$1) -> 0 | Z6: =COUNTIFS($I:$I,$Q6,$G:$G,Z$1) -> 0 | AA6: =COUNTIFS($I:$I,$Q6,$G:$G,AA$1) -> 0
A7: US1 | B7: LDJW37 | C7: 2100 | D7: B2 | E7: FOB | F7: MERCEDES BENZ | G7: =_xlfn.CONCAT(inicioTerminales[[#This Row],[MARCA CHASIS]]," - ", inicioTerminales[[#This Row],[TIPO BUS]]) -> MERCEDES BENZ - B2 | H7: EL RETIRO | I7: 44933 | J7: PROVISIÓN | K7: ALRET | L7: El Retiro | M7: CONDELL | N7: =inicioTerminales[[#This Row],[TIPO BUS]]&"-"&inicioTerminales[[#This Row],[MARCA CHASIS]] -> B2-MERCEDES BENZ | Q7: 45003 | R7: PIE ANDINO | S7: =COUNTIFS($I:$I,$Q7,$G:$G,S$1) -> 0 | T7: =COUNTIFS($I:$I,$Q7,$G:$G,T$1) -> 96 | U7: =COUNTIFS($I:$I,$Q7,$G:$G,U$1) -> 28 | V7: =COUNTIFS($I:$I,$Q7,$G:$G,V$1) -> 0 | W7: =COUNTIFS($I:$I,$Q7,$G:$G,W$1) -> 16 | X7: =COUNTIFS($I:$I,$Q7,$G:$G,X$1) -> 17 | Y7: =COUNTIFS($I:$I,$Q7,$G:$G,Y$1) -> 3 | Z7: =COUNTIFS($I:$I,$Q7,$G:$G,Z$1) -> 0 | AA7: =COUNTIFS($I:$I,$Q7,$G:$G,AA$1) -> 0
A8: US1 | B8: LDJW38 | C8: 2101 | D8: B2 | E8: FOB | F8: MERCEDES BENZ | G8: =_xlfn.CONCAT(inicioTerminales[[#This Row],[MARCA CHASIS]]," - ", inicioTerminales[[#This Row],[TIPO BUS]]) -> MERCEDES BENZ - B2 | H8: EL RETIRO | I8: 44933 | J8: PROVISIÓN | K8: ALRET | L8: El Retiro | M8: CONDELL | N8: =inicioTerminales[[#This Row],[TIPO BUS]]&"-"&inicioTerminales[[#This Row],[MARCA CHASIS]] -> B2-MERCEDES BENZ | Q8: 45007 | R8: CONDELL | S8: =COUNTIFS($I:$I,$Q8,$G:$G,S$1) -> 0 | T8: =COUNTIFS($I:$I,$Q8,$G:$G,T$1) -> 0 | U8: =COUNTIFS($I:$I,$Q8,$G:$G,U$1) -> 0 | V8: =COUNTIFS($I:$I,$Q8,$G:$G,V$1) -> 0 | W8: =COUNTIFS($I:$I,$Q8,$G:$G,W$1) -> 0 | X8: =COUNTIFS($I:$I,$Q8,$G:$G,X$1) -> 0 | Y8: =COUNTIFS($I:$I,$Q8,$G:$G,Y$1) -> 0 | Z8: =COUNTIFS($I:$I,$Q8,$G:$G,Z$1) -> 0 | AA8: =COUNTIFS($I:$I,$Q8,$G:$G,AA$1) -> 0
A9: US1 | B9: LDJW39 | C9: 2102 | D9: B2 | E9: FOB | F9: MERCEDES BENZ | G9: =_xlfn.CONCAT(inicioTerminales[[#This Row],[MARCA CHASIS]]," - ", inicioTerminales[[#This Row],[TIPO BUS]]) -> MERCEDES BENZ - B2 | H9: EL RETIRO | I9: 44933 | J9: PROVISIÓN | K9: ALRET | L9: El Retiro | M9: CONDELL | N9: =inicioTerminales[[#This Row],[TIPO BUS]]&"-"&inicioTerminales[[#This Row],[MARCA CHASIS]] -> B2-MERCEDES BENZ | Q9: 45024 | R9: JUANITA | S9: =COUNTIFS($I:$I,$Q9,$G:$G,S$1) -> 0 | T9: =COUNTIFS($I:$I,$Q9,$G:$G,T$1) -> 70 | U9: =COUNTIFS($I:$I,$Q9,$G:$G,U$1) -> 35 | V9: =COUNTIFS($I:$I,$Q9,$G:$G,V$1) -> 0 | W9: =COUNTIFS($I:$I,$Q9,$G:$G,W$1) -> 27 | X9: =COUNTIFS($I:$I,$Q9,$G:$G,X$1) -> 0 | Y9: =COUNTIFS($I:$I,$Q9,$G:$G,Y$1) -> 0 | Z9: =COUNTIFS($I:$I,$Q9,$G:$G,Z$1) -> 0 | AA9: =COUNTIFS($I:$I,$Q9,$G:$G,AA$1) -> 25
A10: US1 | B10: LDJW40 | C10: 2103 | D10: B2 | E10: FR | F10: MERCEDES BENZ | G10: =_xlfn.CONCAT(inicioTerminales[[#This Row],[MARCA CHASIS]]," - ", inicioTerminales[[#This Row],[TIPO BUS]]) -> MERCEDES BENZ - B2 | H10: EL RETIRO | I10: 44933 | J10: PROVISIÓN | K10: ALRET | L10: El Retiro | M10: CONDELL | N10: =inicioTerminales[[#This Row],[TIPO BUS]]&"-"&inicioTerminales[[#This Row],[MARCA CHASIS]] -> B2-MERCEDES BENZ | Q10: 45038 | R10: SANTA MARTA | S10: =COUNTIFS($I:$I,$Q10,$G:$G,S$1) -> 0 | T10: =COUNTIFS($I:$I,$Q10,$G:$G,T$1) -> 25 | U10: =COUNTIFS($I:$I,$Q10,$G:$G,U$1) -> 0 | V10: =COUNTIFS($I:$I,$Q10,$G:$G,V$1) -> 0 | W10: =COUNTIFS($I:$I,$Q10,$G:$G,W$1) -> 26 | X10: =COUNTIFS($I:$I,$Q10,$G:$G,X$1) -> 16 | Y10: =COUNTIFS($I:$I,$Q10,$G:$G,Y$1) -> 0 | Z10: =COUNTIFS($I:$I,$Q10,$G:$G,Z$1) -> 0 | AA10: =COUNTIFS($I:$I,$Q10,$G:$G,AA$1) -> 0
A11: US1 | B11: LDJW41 | C11: 2104 | D11: B2 | E11: FOB | F11: MERCEDES BENZ | G11: =_xlfn.CONCAT(inicioTerminales[[#This Row],[MARCA CHASIS]]," - ", inicioTerminales[[#This Row],[TIPO BUS]]) -> MERCEDES BENZ - B2 | H11: EL RETIRO | I11: 44933 | J11: PROVISIÓN | K11: ALRET | L11: El Retiro | M11: CONDELL | N11: =inicioTerminales[[#This Row],[TIPO BUS]]&"-"&inicioTerminales[[#This Row],[MARCA CHASIS]] -> B2-MERCEDES BENZ
A12: US1 | B12: LDJW42 | C12: 2105 | D12: B2 | E12: FOB | F12: MERCEDES BENZ | G12: =_xlfn.CONCAT(inicioTerminales[[#This Row],[MARCA CHASIS]]," - ", inicioTerminales[[#This Row],[TIPO BUS]]) -> MERCEDES BENZ - B2 | H12: EL RETIRO | I12: 44933 | J12: PROVISIÓN | K12: ALRET | L12: El Retiro | M12: CONDELL | N12: =inicioTerminales[[#This Row],[TIPO BUS]]&"-"&inicioTerminales[[#This Row],[MARCA CHASIS]] -> B2-MERCEDES BENZ
A13: US1 | B13: LDJW43 | C13: 2106 | D13: B2 | E13: FOB | F13: MERCEDES BENZ | G13: =_xlfn.CONCAT(inicioTerminales[[#This Row],[MARCA CHASIS]]," - ", inicioTerminales[[#This Row],[TIPO BUS]]) -> MERCEDES BENZ - B2 | H13: EL RETIRO | I13: 44933 | J13: PROVISIÓN | K13: ALRET | L13: El Retiro | M13: CONDELL | N13: =inicioTerminales[[#This Row],[TIPO BUS]]&"-"&inicioTerminales[[#This Row],[MARCA CHASIS]] -> B2-MERCEDES BENZ | S13: PROVISIÓN | T13: SUMINISTRO
A14: US1 | B14: LDJW44 | C14: 2107 | D14: B2 | E14: FOB | F14: MERCEDES BENZ | G14: =_xlfn.CONCAT(inicioTerminales[[#This Row],[MARCA CHASIS]]," - ", inicioTerminales[[#This Row],[TIPO BUS]]) -> MERCEDES BENZ - B2 | H14: EL RETIRO | I14: 44933 | J14: PROVISIÓN | K14: ALRET | L14: El Retiro | M14: CONDELL | N14: =inicioTerminales[[#This Row],[TIPO BUS]]&"-"&inicioTerminales[[#This Row],[MARCA CHASIS]] -> B2-MERCEDES BENZ | Q14: US1 | R14: Alfa | S14: =COUNTIFS($J:$J,S$13,$A:$A,$Q14) -> 155 | T14: =COUNTIFS($J:$J,T$13,$A:$A,$Q14) -> 210
A15: US1 | B15: LDJW45 | C15: 2108 | D15: B2 | E15: FOB | F15: MERCEDES BENZ | G15: =_xlfn.CONCAT(inicioTerminales[[#This Row],[MARCA CHASIS]]," - ", inicioTerminales[[#This Row],[TIPO BUS]]) -> MERCEDES BENZ - B2 | H15: EL RETIRO | I15: 44933 | J15: PROVISIÓN | K15: ALRET | L15: El Retiro | M15: CONDELL | N15: =inicioTerminales[[#This Row],[TIPO BUS]]&"-"&inicioTerminales[[#This Row],[MARCA CHASIS]] -> B2-MERCEDES BENZ | Q15: US2 | R15: Omega | S15: =COUNTIFS($J:$J,S$13,$A:$A,$Q15) -> 124 | T15: =COUNTIFS($J:$J,T$13,$A:$A,$Q15) -> 260
A16: US1 | B16: LDJW46 | C16: 2109 | D16: B2 | E16: FOB | F16: MERCEDES BENZ | G16: =_xlfn.CONCAT(inicioTerminales[[#This Row],[MARCA CHASIS]]," - ", inicioTerminales[[#This Row],[TIPO BUS]]) -> MERCEDES BENZ - B2 | H16: EL RETIRO | I16: 44933 | J16: PROVISIÓN | K16: ALRET | L16: El Retiro | M16: CONDELL | N16: =inicioTerminales[[#This Row],[TIPO BUS]]&"-"&inicioTerminales[[#This Row],[MARCA CHASIS]] -> B2-MERCEDES BENZ
A17: US1 | B17: LDJW47 | C17: 2110 | D17: B2 | E17: FOB | F17: MERCEDES BENZ | G17: =_xlfn.CONCAT(inicioTerminales[[#This Row],[MARCA CHASIS]]," - ", inicioTerminales[[#This Row],[TIPO BUS]]) -> MERCEDES BENZ - B2 | H17: EL RETIRO | I17: 44933 | J17: PROVISIÓN | K17: ALRET | L17: El Retiro | M17: CONDELL | N17: =inicioTerminales[[#This Row],[TIPO BUS]]&"-"&inicioTerminales[[#This Row],[MARCA CHASIS]] -> B2-MERCEDES BENZ
A18: US1 | B18: LDJW49 | C18: 2112 | D18: B2 | E18: FOB | F18: MERCEDES BENZ | G18: =_xlfn.CONCAT(inicioTerminales[[#This Row],[MARCA CHASIS]]," - ", inicioTerminales[[#This Row],[TIPO BUS]]) -> MERCEDES BENZ - B2 | H18: EL RETIRO | I18: 44933 | J18: PROVISIÓN | K18: ALRET | L18: El Retiro | M18: CONDELL | N18: =inicioTerminales[[#This Row],[TIPO BUS]]&"-"&inicioTerminales[[#This Row],[MARCA CHASIS]] -> B2-MERCEDES BENZ
A19: US1 | B19: LJDL48 | C19: 2113 | D19: B2 | E19: FR | F19: MERCEDES BENZ | G19: =_xlfn.CONCAT(inicioTerminales[[#This Row],[MARCA CHASIS]]," - ", inicioTerminales[[#This Row],[TIPO BUS]]) -> MERCEDES BENZ - B2 | H19: EL RETIRO | I19: 44933 | J19: PROVISIÓN | K19: ALRET | L19: El Retiro | M19: CONDELL | N19: =inicioTerminales[[#This Row],[TIPO BUS]]&"-"&inicioTerminales[[#This Row],[MARCA CHASIS]] -> B2-MERCEDES BENZ | R19: PROVISIÓN | S19: SCANIA | T19: MERCEDES BENZ | U19: YUTONG
A20: US1 | B20: LXDH97 | C20: 2055 | D20: B2 | E20: FOB | F20: SCANIA | G20: =_xlfn.CONCAT(inicioTerminales[[#This Row],[MARCA CHASIS]]," - ", inicioTerminales[[#This Row],[TIPO BUS]]) -> SCANIA - B2 | H20: EL RETIRO | I20: 44912 | J20: PROVISIÓN | K20: ALRET | L20: El Retiro | M20: CONDELL | N20: =inicioTerminales[[#This Row],[TIPO BUS]]&"-"&inicioTerminales[[#This Row],[MARCA CHASIS]] -> B2-SCANIA | R20: SUMINISTRO | S20: FOTON | T20: VOLVO | U20: -
A21: US1 | B21: LXDJ16 | C21: 2064 | D21: B2 | E21: FOB | F21: SCANIA | G21: =_xlfn.CONCAT(inicioTerminales[[#This Row],[MARCA CHASIS]]," - ", inicioTerminales[[#This Row],[TIPO BUS]]) -> SCANIA - B2 | H21: EL RETIRO | I21: 44933 | J21: PROVISIÓN | K21: ALRET | L21: El Retiro | M21: CONDELL | N21: =inicioTerminales[[#This Row],[TIPO BUS]]&"-"&inicioTerminales[[#This Row],[MARCA CHASIS]] -> B2-SCANIA
A22: US1 | B22: LXDJ22 | C22: 2070 | D22: B2 | E22: FOB | F22: SCANIA | G22: =_xlfn.CONCAT(inicioTerminales[[#This Row],[MARCA CHASIS]]," - ", inicioTerminales[[#This Row],[TIPO BUS]]) -> SCANIA - B2 | H22: EL RETIRO | I22: 44912 | J22: PROVISIÓN | K22: ALRET | L22: El Retiro | M22: CONDELL | N22: =inicioTerminales[[#This Row],[TIPO BUS]]&"-"&inicioTerminales[[#This Row],[MARCA CHASIS]] -> B2-SCANIA | R22: Movimientos Realizados | S22: =SUM(S14:T15)*1.5 -> 1123.5
A23: US1 | B23: LXDJ23 | C23: 2071 | D23: B2 | E23: FOB | F23: SCANIA | G23: =_xlfn.CONCAT(inicioTerminales[[#This Row],[MARCA CHASIS]]," - ", inicioTerminales[[#This Row],[TIPO BUS]]) -> SCANIA - B2 | H23: EL RETIRO | I23: 44912 | J23: PROVISIÓN | K23: ALRET | L23: El Retiro | M23: CONDELL | N23: =inicioTerminales[[#This Row],[TIPO BUS]]&"-"&inicioTerminales[[#This Row],[MARCA CHASIS]] -> B2-SCANIA
A24: US1 | B24: SHCY11 | C24: 1002 | D24: A2 | E24: FOB | F24: VOLVO | G24: =_xlfn.CONCAT(inicioTerminales[[#This Row],[MARCA CHASIS]]," - ", inicioTerminales[[#This Row],[TIPO BUS]]) -> VOLVO - A2 | H24: EL RETIRO | I24: 44912 | J24: SUMINISTRO | K24: ALRET | L24: El Retiro | M24: EL RETIRO | N24: =inicioTerminales[[#This Row],[TIPO BUS]]&"-"&inicioTerminales[[#This Row],[MARCA CHASIS]] -> A2-VOLVO
A25: US1 | B25: SHCY32 | C25: 1003 | D25: A2 | E25: FOB | F25: VOLVO | G25: =_xlfn.CONCAT(inicioTerminales[[#This Row],[MARCA CHASIS]]," - ", inicioTerminales[[#This Row],[TIPO BUS]]) -> VOLVO - A2 | H25: EL RETIRO | I25: 44912 | J25: SUMINISTRO | K25: ALRET | L25: El Retiro | M25: EL RETIRO | N25: =inicioTerminales[[#This Row],[TIPO BUS]]&"-"&inicioTerminales[[#This Row],[MARCA CHASIS]] -> A2-VOLVO
A26: US1 | B26: SHCY33 | C26: 1004 | D26: A2 | E26: FOB | F26: VOLVO | G26: =_xlfn.CONCAT(inicioTerminales[[#This Row],[MARCA CHASIS]]," - ", inicioTerminales[[#This Row],[TIPO BUS]]) -> VOLVO - A2 | H26: EL RETIRO | I26: 44912 | J26: SUMINISTRO | K26: ALRET | L26: El Retiro | M26: EL RETIRO | N26: =inicioTerminales[[#This Row],[TIPO BUS]]&"-"&inicioTerminales[[#This Row],[MARCA CHASIS]] -> A2-VOLVO
A27: US1 | B27: SHCY34 | C27: 1005 | D27: A2 | E27: FOB | F27: VOLVO | G27: =_xlfn.CONCAT(inicioTerminales[[#This Row],[MARCA CHASIS]]," - ", inicioTerminales[[#This Row],[TIPO BUS]]) -> VOLVO - A2 | H27: EL RETIRO | I27: 44912 | J27: SUMINISTRO | K27: ALRET | L27: El Retiro | M27: EL RETIRO | N27: =inicioTerminales[[#This Row],[TIPO BUS]]&"-"&inicioTerminales[[#This Row],[MARCA CHASIS]] -> A2-VOLVO
A28: US1 | B28: SHCY39 | C28: 1008 | D28: A2 | E28: FR | F28: VOLVO | G28: =_xlfn.CONCAT(inicioTerminales[[#This Row],[MARCA CHASIS]]," - ", inicioTerminales[[#This Row],[TIPO BUS]]) -> VOLVO - A2 | H28: EL RETIRO | I28: 44912 | J28: SUMINISTRO | K28: ALRET | L28: El Retiro | M28: EL RETIRO | N28: =inicioTerminales[[#This Row],[TIPO BUS]]&"-"&inicioTerminales[[#This Row],[MARCA CHASIS]] -> A2-VOLVO
A29: US1 | B29: SHCY40 | C29: 1009 | D29: A2 | E29: FR | F29: VOLVO | G29: =_xlfn.CONCAT(inicioTerminales[[#This Row],[MARCA CHASIS]]," - ", inicioTerminales[[#This Row],[TIPO BUS]]) -> VOLVO - A2 | H29: EL RETIRO | I29: 44912 | J29: SUMINISTRO | K29: ALRET | L29: El Retiro | M29: EL RETIRO | N29: =inicioTerminales[[#This Row],[TIPO BUS]]&"-"&inicioTerminales[[#This Row],[MARCA CHASIS]] -> A2-VOLVO
A30: US1 | B30: SHCY46 | C30: 1010 | D30: A2 | E30: FOB | F30: VOLVO | G30: =_xlfn.CONCAT(inicioTerminales[[#This Row],[MARCA CHASIS]]," - ", inicioTerminales[[#This Row],[TIPO BUS]]) -> VOLVO - A2 | H30: EL RETIRO | I30: 44912 | J30: SUMINISTRO | K30: ALRET | L30: El Retiro | M30: EL RETIRO | N30: =inicioTerminales[[#This Row],[TIPO BUS]]&"-"&inicioTerminales[[#This Row],[MARCA CHASIS]] -> A2-VOLVO
A31: US1 | B31: SHCY47 | C31: 1011 | D31: A2 | E31: FOB | F31: VOLVO | G31: =_xlfn.CONCAT(inicioTerminales[[#This Row],[MARCA CHASIS]]," - ", inicioTerminales[[#This Row],[TIPO BUS]]) -> VOLVO - A2 | H31: EL RETIRO | I31: 44912 | J31: SUMINISTRO | K31: ALRET | L31: El Retiro | M31: EL RETIRO | N31: =inicioTerminales[[#This Row],[TIPO BUS]]&"-"&inicioTerminales[[#This Row],[MARCA CHASIS]] -> A2-VOLVO
A32: US1 | B32: SHCY49 | C32: 1012 | D32: A2 | E32: FOB | F32: VOLVO | G32: =_xlfn.CONCAT(inicioTerminales[[#This Row],[MARCA CHASIS]]," - ", inicioTerminales[[#This Row],[TIPO BUS]]) -> VOLVO - A2 | H32: EL RETIRO | I32: 44912 | J32: SUMINISTRO | K32: ALRET | L32: El Retiro | M32: EL RETIRO | N32: =inicioTerminales[[#This Row],[TIPO BUS]]&"-"&inicioTerminales[[#This Row],[MARCA CHASIS]] -> A2-VOLVO
A33: US1 | B33: SHCY50 | C33: 1013 | D33: A2 | E33: FOB | F33: VOLVO | G33: =_xlfn.CONCAT(inicioTerminales[[#This Row],[MARCA CHASIS]]," - ", inicioTerminales[[#This Row],[TIPO BUS]]) -> VOLVO - A2 | H33: EL RETIRO | I33: 44912 | J33: SUMINISTRO | K33: ALRET | L33: El Retiro | M33: EL RETIRO | N33: =inicioTerminales[[#This Row],[TIPO BUS]]&"-"&inicioTerminales[[#This Row],[MARCA CHASIS]] -> A2-VOLVO
A34: US1 | B34: SHCY55 | C34: 1015 | D34: A2 | E34: FOB | F34: VOLVO | G34: =_xlfn.CONCAT(inicioTerminales[[#This Row],[MARCA CHASIS]]," - ", inicioTerminales[[#This Row],[TIPO BUS]]) -> VOLVO - A2 | H34: EL RETIRO | I34: 44912 | J34: SUMINISTRO | K34: ALRET | L34: El Retiro | M34: EL RETIRO | N34: =inicioTerminales[[#This Row],[TIPO BUS]]&"-"&inicioTerminales[[#This Row],[MARCA CHASIS]] -> A2-VOLVO
... A750: US1 | B750: VTFK64 | C750: 3141 | D750: BE | E750: FR | F750: FOTON | G750: =_xlfn.CONCAT(inicioTerminales[[#This Row],[MARCA CHASIS]]," - ", inicioTerminales[[#This Row],[TIPO BUS]]) -> FOTON - BE | H750: CONDELL | I750: 46122 | J750: SUMINISTRO | K750: ALCON | L750: CONDELL | M750: CONDELL | N750: =inicioTerminales[[#This Row],[TIPO BUS]]&"-"&inicioTerminales[[#This Row],[MARCA CHASIS]] -> BE-FOTON

Sheet analisis PO
B1: Enviado | C1: 45427.458 | L1: FOB - FR Por terminal
A2: Terminal | B2: CÓDIGO TERMINAL | C2: TIPODEBUS | D2: Tipo Bus | E2: AM | F2: TOTAL AM | G2: PM | H2: TOTAL PM | I2: MÁXIMO PATIO | J2: FOB/FR | O2: BE-FOTON | P2: A2-VOLVO | Q2: B2-VOLVO | R2: C2-VOLVO | S2: B2-MERCEDES BENZ | T2: BPAL-MERCEDES BENZ | U2: C2-MERCEDES BENZ | V2: B2-SCANIA | W2: BE-YUTONG
A3: CONDELL | B3: DEPCON | C3: A2 | D3: A2 | E3: 0 | F3: 68 | G3: 0 | H3: 61 | I3: 0 | J3: #REF! | M3: Empresa | N3: Terminal | O3: Foton | P3: Volvo | S3: Mercedes Benz | V3: Scania | W3: Yutong | X3: Total | Y3: Indisponibles estructurales
A4: CONDELL | B4: DEPCON | C4: BELECT | D4: BE | E4: 18 | G4: 17 | I4: 18 | J4: #REF! | O4: BE | P4: A2 | Q4: B2 | R4: C2 | S4: B2 | T4: BPAL | U4: C2 | V4: B2 | W4: BE
A5: CONDELL | B5: DEPCON | C5: BELECT (COCA COLA) | D5: BE | E5: 23 | G5: 23 | I5: 23 | J5: #REF! | L5: EL RETIRO | M5: Alfa | N5: El Retiro | O5: =COUNTIFS(#REF!,$L5,#REF!,O$2,#REF!,"<>FS") -> #REF! | P5: =COUNTIFS(#REF!,$L5,#REF!,P$2,#REF!,"<>FS") -> #REF! | Q5: =COUNTIFS(#REF!,$L5,#REF!,Q$2,#REF!,"<>FS") -> #REF! | R5: =COUNTIFS(#REF!,$L5,#REF!,R$2,#REF!,"<>FS") -> #REF! | S5: =COUNTIFS(#REF!,$L5,#REF!,S$2,#REF!,"<>FS") -> #REF! | T5: =COUNTIFS(#REF!,$L5,#REF!,T$2,#REF!,"<>FS") -> #REF! | U5: =COUNTIFS(#REF!,$L5,#REF!,U$2,#REF!,"<>FS") -> #REF! | V5: =COUNTIFS(#REF!,$L5,#REF!,V$2,#REF!,"<>FS") -> #REF! | W5: =COUNTIFS(#REF!,$L5,#REF!,W$2,#REF!,"<>FS") -> #REF! | X5: =SUM(O5:W5) -> #REF! | Y5: 0
A6: CONDELL | B6: DEPCON | C6: B | D6: B2 | E6: 0 | G6: 0 | I6: 0 | J6: #REF! | L6: CONDELL | N6: Condell | O6: =COUNTIFS(#REF!,$L6,#REF!,O$2,#REF!,"<>FS") -> #REF! | P6: =COUNTIFS(#REF!,$L6,#REF!,P$2,#REF!,"<>FS") -> #REF! | Q6: =COUNTIFS(#REF!,$L6,#REF!,Q$2,#REF!,"<>FS") -> #REF! | R6: =COUNTIFS(#REF!,$L6,#REF!,R$2,#REF!,"<>FS") -> #REF! | S6: =COUNTIFS(#REF!,$L6,#REF!,S$2,#REF!,"<>FS") -> #REF! | T6: =COUNTIFS(#REF!,$L6,#REF!,T$2,#REF!,"<>FS") -> #REF! | U6: =COUNTIFS(#REF!,$L6,#REF!,U$2,#REF!,"<>FS") -> #REF! | V6: =COUNTIFS(#REF!,$L6,#REF!,V$2,#REF!,"<>FS") -> #REF! | W6: =COUNTIFS(#REF!,$L6,#REF!,W$2,#REF!,"<>FS") -> #REF! | X6: =SUM(O6:W6) -> #REF! | Y6: 2
A7: CONDELL | B7: DEPCON | C7: BPAL | D7: BPAL | E7: 0 | G7: 0 | I7: 0 | J7: #REF! | L7: STA MARTA | N7: Santa Marta | O7: =COUNTIFS(#REF!,$L7,#REF!,O$2,#REF!,"<>FS") -> #REF! | P7: =COUNTIFS(#REF!,$L7,#REF!,P$2,#REF!,"<>FS") -> #REF! | Q7: =COUNTIFS(#REF!,$L7,#REF!,Q$2,#REF!,"<>FS") -> #REF! | R7: =COUNTIFS(#REF!,$L7,#REF!,R$2,#REF!,"<>FS") -> #REF! | S7: =COUNTIFS(#REF!,$L7,#REF!,S$2,#REF!,"<>FS") -> #REF! | T7: =COUNTIFS(#REF!,$L7,#REF!,T$2,#REF!,"<>FS") -> #REF! | U7: =COUNTIFS(#REF!,$L7,#REF!,U$2,#REF!,"<>FS") -> #REF! | V7: =COUNTIFS(#REF!,$L7,#REF!,V$2,#REF!,"<>FS") -> #REF! | W7: =COUNTIFS(#REF!,$L7,#REF!,W$2,#REF!,"<>FS") -> #REF! | X7: =SUM(O7:W7) -> #REF! | Y7: 3
A8: CONDELL | B8: DEPCON | C8: C | D8: C2 | E8: 27 | G8: 21 | I8: 27 | J8: #REF! | L8: SANTA MARGARITA | N8: Santa Margarita | O8: =COUNTIFS(#REF!,$L8,#REF!,O$2,#REF!,"<>FS") -> #REF! | P8: =COUNTIFS(#REF!,$L8,#REF!,P$2,#REF!,"<>FS") -> #REF! | Q8: =COUNTIFS(#REF!,$L8,#REF!,Q$2,#REF!,"<>FS") -> #REF! | R8: =COUNTIFS(#REF!,$L8,#REF!,R$2,#REF!,"<>FS") -> #REF! | S8: =COUNTIFS(#REF!,$L8,#REF!,S$2,#REF!,"<>FS") -> #REF! | T8: =COUNTIFS(#REF!,$L8,#REF!,T$2,#REF!,"<>FS") -> #REF! | U8: =COUNTIFS(#REF!,$L8,#REF!,U$2,#REF!,"<>FS") -> #REF! | V8: =COUNTIFS(#REF!,$L8,#REF!,V$2,#REF!,"<>FS") -> #REF! | W8: =COUNTIFS(#REF!,$L8,#REF!,W$2,#REF!,"<>FS") -> #REF! | X8: =SUM(O8:W8) -> #REF! | Y8: 0
A9: CONDELL | B9: DEPHUA | C9: A2 | D9: A2 | E9: 8 | F9: 38 | G9: 8 | H9: 39 | I9: 8 | J9: #REF! | L9: A. LUCO | M9: Omega | N9: Aguirre Luco | O9: =COUNTIFS(#REF!,$L9,#REF!,O$2,#REF!,"<>FS") -> #REF! | P9: =COUNTIFS(#REF!,$L9,#REF!,P$2,#REF!,"<>FS") -> #REF! | Q9: =COUNTIFS(#REF!,$L9,#REF!,Q$2,#REF!,"<>FS") -> #REF! | R9: =COUNTIFS(#REF!,$L9,#REF!,R$2,#REF!,"<>FS") -> #REF! | S9: =COUNTIFS(#REF!,$L9,#REF!,S$2,#REF!,"<>FS") -> #REF! | T9: =COUNTIFS(#REF!,$L9,#REF!,T$2,#REF!,"<>FS") -> #REF! | U9: =COUNTIFS(#REF!,$L9,#REF!,U$2,#REF!,"<>FS") -> #REF! | V9: =COUNTIFS(#REF!,$L9,#REF!,V$2,#REF!,"<>FS") -> #REF! | W9: =COUNTIFS(#REF!,$L9,#REF!,W$2,#REF!,"<>FS") -> #REF! | X9: =SUM(O9:W9) -> #REF! | Y9: 2
A10: CONDELL | B10: DEPHUA | C10: BELECT | D10: BE | E10: 9 | G10: 10 | I10: 10 | J10: #REF! | L10: PIE ANDINO | N10: Pie Andino | O10: =COUNTIFS(#REF!,$L10,#REF!,O$2,#REF!,"<>FS") -> #REF! | P10: =COUNTIFS(#REF!,$L10,#REF!,P$2,#REF!,"<>FS") -> #REF! | Q10: =COUNTIFS(#REF!,$L10,#REF!,Q$2,#REF!,"<>FS") -> #REF! | R10: =COUNTIFS(#REF!,$L10,#REF!,R$2,#REF!,"<>FS") -> #REF! | S10: =COUNTIFS(#REF!,$L10,#REF!,S$2,#REF!,"<>FS") -> #REF! | T10: =COUNTIFS(#REF!,$L10,#REF!,T$2,#REF!,"<>FS") -> #REF! | U10: =COUNTIFS(#REF!,$L10,#REF!,U$2,#REF!,"<>FS") -> #REF! | V10: =COUNTIFS(#REF!,$L10,#REF!,V$2,#REF!,"<>FS") -> #REF! | W10: =COUNTIFS(#REF!,$L10,#REF!,W$2,#REF!,"<>FS") -> #REF! | X10: =SUM(O10:W10) -> #REF! | Y10: 2
A11: CONDELL | B11: DEPHUA | C11: B | D11: B2 | E11: 21 | G11: 21 | I11: 21 | J11: #REF! | L11: JUANITA | N11: Juanita | O11: =COUNTIFS(#REF!,$L11,#REF!,O$2,#REF!,"<>FS") -> #REF! | P11: =COUNTIFS(#REF!,$L11,#REF!,P$2,#REF!,"<>FS") -> #REF! | Q11: =COUNTIFS(#REF!,$L11,#REF!,Q$2,#REF!,"<>FS") -> #REF! | R11: =COUNTIFS(#REF!,$L11,#REF!,R$2,#REF!,"<>FS") -> #REF! | S11: =COUNTIFS(#REF!,$L11,#REF!,S$2,#REF!,"<>FS") -> #REF! | T11: =COUNTIFS(#REF!,$L11,#REF!,T$2,#REF!,"<>FS") -> #REF! | U11: =COUNTIFS(#REF!,$L11,#REF!,U$2,#REF!,"<>FS") -> #REF! | V11: =COUNTIFS(#REF!,$L11,#REF!,V$2,#REF!,"<>FS") -> #REF! | W11: =COUNTIFS(#REF!,$L11,#REF!,W$2,#REF!,"<>FS") -> #REF! | X11: =SUM(O11:W11) -> #REF! | Y11: 0
A12: CONDELL | B12: DEPHUA | C12: BPAL | D12: BPAL | E12: 0 | G12: 0 | I12: 0 | J12: #REF! | M12: Total | O12: =SUM(O5:O11) -> #REF! | P12: =SUM(P5:P11) -> #REF! | Q12: =SUM(Q5:Q11) -> #REF! | R12: =SUM(R5:R11) -> #REF! | S12: =SUM(S5:S11) -> #REF! | T12: =SUM(T5:T11) -> #REF! | U12: =SUM(U5:U11) -> #REF! | V12: =SUM(V5:V11) -> #REF! | W12: =SUM(W5:W11) -> #REF! | X12: =SUM(O12:W12) -> #REF! | Y12: =SUM(Y5:Y11) -> 9
A13: CONDELL | B13: DEPHUA | C13: C | D13: C2 | E13: 0 | G13: 0 | I13: 0 | J13: #REF!
A14: EL RETIRO | B14: DEPRET | C14: A2 | D14: A2 | E14: 7 | F14: 50 | G14: 9 | H14: 52 | I14: 9 | J14: #REF!
A15: EL RETIRO | B15: DEPRET | C15: BELECT | D15: BE | E15: 0 | G15: 0 | I15: 0 | J15: #REF!
A16: EL RETIRO | B16: DEPRET | C16: B | D16: B2 | E16: 11 | G16: 11 | I16: 11 | J16: #REF!
A17: EL RETIRO | B17: DEPRET | C17: B (COCA COLA) | D17: B2 | E17: 12 | G17: 12 | I17: 12 | J17: #REF!
A18: EL RETIRO | B18: DEPRET | C18: BPAL | D18: BPAL | E18: 0 | G18: 0 | I18: 0 | J18: #REF!
A19: EL RETIRO | B19: DEPRET | C19: C | D19: C2 | E19: 20 | G19: 20 | I19: 20 | J19: #REF!
A20: SANTA MARGARITA | B20: DEPMAR | C20: A2 | D20: A2 | E20: 0 | F20: 25 | G20: 0 | H20: 21 | I20: 0 | J20: #REF!
A21: SANTA MARGARITA | B21: DEPMAR | C21: BELECT | D21: BE | E21: 0 | G21: 0 | I21: 0 | J21: #REF!
A22: SANTA MARGARITA | B22: DEPMAR | C22: B | D22: B2 | E22: 6 | G22: 7 | I22: 7 | J22: #REF!
A23: SANTA MARGARITA | B23: DEPMAR | C23: BPAL | D23: BPAL | E23: 0 | G23: 0 | I23: 0 | J23: #REF!
A24: SANTA MARGARITA | B24: DEPMAR | C24: C | D24: C2 | E24: 19 | G24: 14 | I24: 19 | J24: #REF!
A25: STA MARTA | B25: DEPHUE | C25: A2 | D25: A2 | E25: 15 | F25: 133 | G25: 15 | H25: 124 | I25: 15 | J25: #REF!
A26: STA MARTA | B26: DEPHUE | C26: BELECT | D26: BE | E26: 55 | G26: 50 | I26: 55 | J26: #REF!
A27: STA MARTA | B27: DEPHUE | C27: B | D27: B2 | E27: 37 | G27: 34 | I27: 37 | J27: #REF!
A28: STA MARTA | B28: DEPHUE | C28: BPAL | D28: BPAL | E28: 26 | G28: 25 | I28: 26 | J28: #REF!
A29: STA MARTA | B29: DEPHUE | C29: C | D29: C2 | E29: 0 | G29: 0 | I29: 0 | J29: #REF!
A30: A. LUCO | B30: DEPAGUI | C30: A2 | D30: A2 | E30: 4 | F30: 52 | G30: 5 | H30: 53 | I30: 5 | J30: #REF!
A31: A. LUCO | B31: DEPAGUI | C31: BELECT | D31: BE | E31: 0 | G31: 0 | I31: 0 | J31: #REF!
A32: A. LUCO | B32: DEPAGUI | C32: B | D32: B2 | E32: 37 | G32: 36 | I32: 37 | J32: #REF!
A33: A. LUCO | B33: DEPAGUI | C33: BPAL | D33: BPAL | E33: 11 | G33: 12 | I33: 12 | J33: #REF!
A34: A. LUCO | B34: DEPAGUI | C34: C | D34: C2 | E34: 0 | G34: 0 | I34: 0 | J34: #REF!
A35: PIE ANDINO | B35: DEPPIE | C35: A2 | D35: A2 | E35: 13 | F35: 141 | G35: 13 | H35: 147 | I35: 13 | J35: #REF!
A36: PIE ANDINO | B36: DEPPIE | C36: BELECT | D36: BE | E36: 71 | G36: 75 | I36: 75 | J36: #REF!
A37: PIE ANDINO | B37: DEPPIE | C37: B | D37: B2 | E37: 57 | G37: 59 | I37: 59 | J37: #REF!
A38: PIE ANDINO | B38: DEPPIE | C38: BPAL | D38: BPAL | E38: 0 | G38: 0 | I38: 0 | J38: #REF!
A39: PIE ANDINO | B39: DEPPIE | C39: C | D39: C2 | E39: 0 | G39: 0 | I39: 0 | J39: #REF!
A40: JUANITA | B40: DEPJUA | C40: A2 | D40: A2 | E40: 0 | F40: 129 | G40: 0 | H40: 124 | I40: 0 | J40: #REF!
A41: JUANITA | B41: DEPJUA | C41: BELECT | D41: BE | E41: 89 | G41: 88 | I41: 89 | J41: #REF!
A42: JUANITA | B42: DEPJUA | C42: B | D42: B2 | E42: 40 | G42: 36 | I42: 40 | J42: #REF!
A43: JUANITA | B43: DEPJUA | C43: BPAL | D43: BPAL | E43: 0 | G43: 0 | I43: 0 | J43: #REF!
A44: JUANITA | B44: DEPJUA | C44: C | D44: C2 | E44: 0 | G44: 0 | I44: 0 | J44: #REF!
A47: Terminal | B47: CÓDIGO TERMINAL | C47: Tipo Bus | D47: MÁXIMO PATIO | E47: FOB/FR | F47: Diferencia
A48: CONDELL | B48: DEPCON | C48: A2 | D48: 8 | E48: #REF! | F48: =Tabla13[[#This Row],[FOB/FR]]-Tabla13[[#This Row],[MÁXIMO PATIO]] -> #REF!
A49: CONDELL | B49: DEPCON | C49: BE | D49: 50 | E49: #REF! | F49: =Tabla13[[#This Row],[FOB/FR]]-Tabla13[[#This Row],[MÁXIMO PATIO]] -> #REF!
A50: CONDELL | B50: DEPCON | C50: B2 | D50: 21 | E50: #REF! | F50: =Tabla13[[#This Row],[FOB/FR]]-Tabla13[[#This Row],[MÁXIMO PATIO]] -> #REF!
A51: CONDELL | B51: DEPCON | C51: BPAL | D51: 0 | E51: #REF! | F51: =Tabla13[[#This Row],[FOB/FR]]-Tabla13[[#This Row],[MÁXIMO PATIO]] -> #REF!
A52: CONDELL | B52: DEPCON | C52: C2 | D52: 27 | E52: #REF! | F52: =Tabla13[[#This Row],[FOB/FR]]-Tabla13[[#This Row],[MÁXIMO PATIO]] -> #REF!
A53: EL RETIRO | B53: DEPRET | C53: A2 | D53: 9 | E53: #REF! | F53: =Tabla13[[#This Row],[FOB/FR]]-Tabla13[[#This Row],[MÁXIMO PATIO]] -> #REF!
A54: EL RETIRO | B54: DEPRET | C54: BE | D54: 0 | E54: #REF! | F54: =Tabla13[[#This Row],[FOB/FR]]-Tabla13[[#This Row],[MÁXIMO PATIO]] -> #REF!
A55: EL RETIRO | B55: DEPRET | C55: B2 | D55: 23 | E55: #REF! | F55: =Tabla13[[#This Row],[FOB/FR]]-Tabla13[[#This Row],[MÁXIMO PATIO]] -> #REF!
A56: EL RETIRO | B56: DEPRET | C56: BPAL | D56: 0 | E56: #REF! | F56: =Tabla13[[#This Row],[FOB/FR]]-Tabla13[[#This Row],[MÁXIMO PATIO]] -> #REF!
A57: EL RETIRO | B57: DEPRET | C57: C2 | D57: 20 | E57: #REF! | F57: =Tabla13[[#This Row],[FOB/FR]]-Tabla13[[#This Row],[MÁXIMO PATIO]] -> #REF!
A58: SANTA MARGARITA | B58: DEPMAR | C58: A2 | D58: 0 | E58: #REF! | F58: =Tabla13[[#This Row],[FOB/FR]]-Tabla13[[#This Row],[MÁXIMO PATIO]] -> #REF!
A59: SANTA MARGARITA | B59: DEPMAR | C59: BE | D59: 0 | E59: #REF! | F59: =Tabla13[[#This Row],[FOB/FR]]-Tabla13[[#This Row],[MÁXIMO PATIO]] -> #REF!
... A82: JUANITA | B82: DEPJUA | C82: C2 | D82: 0 | E82: #REF! | F82: =Tabla13[[#This Row],[FOB/FR]]-Tabla13[[#This Row],[MÁXIMO PATIO]] -> #REF!
A83: Total | D83: =SUBTOTAL(109,Tabla13[MÁXIMO PATIO]) -> 647 | E83: =SUBTOTAL(109,Tabla13[FOB/FR]) -> #REF! | F83: =SUBTOTAL(109,Tabla13[Diferencia]) -> #REF!
A95: Terminal | B95: CÓDIGO TERMINAL | C95: Tipo Bus | D95: MÁXIMO PATIO | E95: FOB/FR | F95: Diferencia
A96: CONDELL | B96: DEPCON | C96: B2 | D96: 21 | E96: 18 | F96: -3
A97: EL RETIRO | B97: DEPRET | C97: C2 | D97: 20 | E97: 19 | F97: -1
A98: STA MARTA | B98: DEPHUE | C98: B2 | D98: 37 | E98: 22 | F98: -15
A99: JUANITA | B99: DEPJUA | C99: B2 | D99: 40 | E99: 36 | F99: -4

Sheet Operación
B1: Automatica
M2: 45003 | O2: 8-ma
B3: Operación Terminales | C3: El Retiro | E3: Sta. Margarita | G3: Condell | I3: Coca - Cola | K3: A. Luco | M3: Pie Andino | O3: Juanita | Q3: Sta. Marta
B4: Scania | C4: =IF(COUNTIFS(ALRET[MARCA CHASIS],Operación!B4,ALRET[TIPO BUS],Operación!D4)=0,"-",COUNTIFS(ALRET[MARCA CHASIS],Operación!B4,ALRET[TIPO BUS],Operación!D4)) -> 28 | D4: B2 | E4: =IF(COUNTIFS(ALSMG[MARCA CHASIS],Operación!B4,ALSMG[TIPO BUS],Operación!F4)=0,"-",COUNTIFS(ALSMG[MARCA CHASIS],Operación!B4,ALSMG[TIPO BUS],Operación!F4)) -> 9 | F4: B2 | G4: =IF(COUNTIFS(ALCON[MARCA CHASIS],Operación!B4,ALCON[TIPO BUS],Operación!H4)=0,"-",COUNTIFS(ALCON[MARCA CHASIS],Operación!B4,ALCON[TIPO BUS],Operación!H4)) -> - | H4: B2 | I4: =IF(COUNTIFS(ALCC[MARCA CHASIS],Operación!B4,ALCC[TIPO BUS],Operación!J4)=0,"-",COUNTIFS(ALCC[MARCA CHASIS],Operación!B4,ALCC[TIPO BUS],Operación!J4)) -> - | J4: B2 | K4: =IF(COUNTIFS(OMJJA[MARCA CHASIS],Operación!B4,OMJJA[TIPO BUS],Operación!L4)=0,"-",COUNTIFS(OMJJA[MARCA CHASIS],Operación!B4,OMJJA[TIPO BUS],Operación!L4)) -> - | L4: B2 | N4: B2 | P4: B2 | R4: B2 | S4: =SUM(C4,E4,G4,I4,K4,M4,O4,Q4) -> 37
B5: Mercedes Benz | C5: =IF(COUNTIFS(ALRET[MARCA CHASIS],Operación!B5,ALRET[TIPO BUS],Operación!D5)=0,"-",COUNTIFS(ALRET[MARCA CHASIS],Operación!B5,ALRET[TIPO BUS],Operación!D5)) -> - | D5: B2 | E5: =IF(COUNTIFS(ALSMG[MARCA CHASIS],Operación!B5,ALSMG[TIPO BUS],Operación!F5)=0,"-",COUNTIFS(ALSMG[MARCA CHASIS],Operación!B5,ALSMG[TIPO BUS],Operación!F5)) -> - | F5: B2 | G5: =IF(COUNTIFS(ALCON[MARCA CHASIS],Operación!B5,ALCON[TIPO BUS],Operación!H5)=0,"-",COUNTIFS(ALCON[MARCA CHASIS],Operación!B5,ALCON[TIPO BUS],Operación!H5)) -> 12 | H5: B2 | I5: =IF(COUNTIFS(ALCC[MARCA CHASIS],Operación!B5,ALCC[TIPO BUS],Operación!J5)=0,"-",COUNTIFS(ALCC[MARCA CHASIS],Operación!B5,ALCC[TIPO BUS],Operación!J5)) -> - | J5: B2 | K5: =IF(COUNTIFS(OMJJA[MARCA CHASIS],Operación!B5,OMJJA[TIPO BUS],Operación!L5)=0,"-",COUNTIFS(OMJJA[MARCA CHASIS],Operación!B5,OMJJA[TIPO BUS],Operación!L5)) -> - | L5: B2 | M5: 28 | N5: B2 | O5: 36 | P5: B2 | R5: B2 | S5: =SUM(C5,E5,G5,I5,K5,M5,O5,Q5) -> 76
C6: =IF(COUNTIFS(ALRET[MARCA CHASIS],Operación!B5,ALRET[TIPO BUS],Operación!D6)=0,"-",COUNTIFS(ALRET[MARCA CHASIS],Operación!B5,ALRET[TIPO BUS],Operación!D6)) -> - | D6: C2 | E6: =IF(COUNTIFS(ALSMG[MARCA CHASIS],Operación!B5,ALSMG[TIPO BUS],Operación!F6)=0,"-",COUNTIFS(ALSMG[MARCA CHASIS],Operación!B5,ALSMG[TIPO BUS],Operación!F6)) -> - | F6: C2 | G6: =IF(COUNTIFS(ALCON[MARCA CHASIS],Operación!B5,ALCON[TIPO BUS],Operación!H6)=0,"-",COUNTIFS(ALCON[MARCA CHASIS],Operación!B5,ALCON[TIPO BUS],Operación!H6)) -> 24 | H6: C2 | I6: =IF(COUNTIFS(ALCC[MARCA CHASIS],Operación!B5,ALCC[TIPO BUS],Operación!J6)=0,"-",COUNTIFS(ALCC[MARCA CHASIS],Operación!B5,ALCC[TIPO BUS],Operación!J6)) -> - | J6: C2 | K6: =IF(COUNTIFS(OMJJA[MARCA CHASIS],Operación!B5,OMJJA[TIPO BUS],Operación!L6)=0,"-",COUNTIFS(OMJJA[MARCA CHASIS],Operación!B5,OMJJA[TIPO BUS],Operación!L6)) -> - | L6: C2 | N6: C2 | P6: C2 | Q6: 25 | R6: C2 | S6: =SUM(C6,E6,G6,I6,K6,M6,O6,Q6) -> 49
B7: Volvo | C7: =IF(COUNTIFS(ALRET[MARCA CHASIS],Operación!B7,ALRET[TIPO BUS],Operación!D7)=0,"-",COUNTIFS(ALRET[MARCA CHASIS],Operación!B7,ALRET[TIPO BUS],Operación!D7)) -> 11 | D7: A2 | E7: =IF(COUNTIFS(ALSMG[MARCA CHASIS],Operación!B7,ALSMG[TIPO BUS],Operación!F7)=0,"-",COUNTIFS(ALSMG[MARCA CHASIS],Operación!B7,ALSMG[TIPO BUS],Operación!F7)) -> - | F7: A2 | G7: =IF(COUNTIFS(ALCON[MARCA CHASIS],Operación!B7,ALCON[TIPO BUS],Operación!H7)=0,"-",COUNTIFS(ALCON[MARCA CHASIS],Operación!B7,ALCON[TIPO BUS],Operación!H7)) -> 10 | H7: A2 | I7: =IF(COUNTIFS(ALCC[MARCA CHASIS],Operación!B7,ALCC[TIPO BUS],Operación!J7)=0,"-",COUNTIFS(ALCC[MARCA CHASIS],Operación!B7,ALCC[TIPO BUS],Operación!J7)) -> - | J7: A2 | K7: =IF(COUNTIFS(OMJJA[MARCA CHASIS],Operación!B7,OMJJA[TIPO BUS],Operación!L7)=0,"-",COUNTIFS(OMJJA[MARCA CHASIS],Operación!B7,OMJJA[TIPO BUS],Operación!L7)) -> 6 | L7: A2 | M7: 17 | N7: A2 | P7: A2 | Q7: 16 | R7: A2 | S7: =SUM(C7,E7,G7,I7,K7,M7,O7,Q7) -> 60
C8: =IF(COUNTIFS(ALRET[MARCA CHASIS],Operación!B7,ALRET[TIPO BUS],Operación!D8)=0,"-",COUNTIFS(ALRET[MARCA CHASIS],Operación!B7,ALRET[TIPO BUS],Operación!D8)) -> - | D8: B2 | E8: =IF(COUNTIFS(ALSMG[MARCA CHASIS],Operación!B7,ALSMG[TIPO BUS],Operación!F8)=0,"-",COUNTIFS(ALSMG[MARCA CHASIS],Operación!B7,ALSMG[TIPO BUS],Operación!F8)) -> - | F8: B2 | G8: =IF(COUNTIFS(ALCON[MARCA CHASIS],Operación!B7,ALCON[TIPO BUS],Operación!H8)=0,"-",COUNTIFS(ALCON[MARCA CHASIS],Operación!B7,ALCON[TIPO BUS],Operación!H8)) -> - | H8: B2 | I8: =IF(COUNTIFS(ALCC[MARCA CHASIS],Operación!B8,ALCC[TIPO BUS],Operación!J8)=0,"-",COUNTIFS(ALCC[MARCA CHASIS],Operación!B8,ALCC[TIPO BUS],Operación!J8)) -> - | J8: B2 | K8: =IF(COUNTIFS(OMJJA[MARCA CHASIS],Operación!B7,OMJJA[TIPO BUS],Operación!L8)=0,"-",COUNTIFS(OMJJA[MARCA CHASIS],Operación!B7,OMJJA[TIPO BUS],Operación!L8)) -> 33 | L8: B2 | N8: B2 | P8: B2 | R8: B2
C9: =IF(COUNTIFS(ALRET[MARCA CHASIS],Operación!B7,ALRET[TIPO BUS],Operación!D9)=0,"-",COUNTIFS(ALRET[MARCA CHASIS],Operación!B7,ALRET[TIPO BUS],Operación!D9)) -> 19 | D9: C2 | E9: =IF(COUNTIFS(ALSMG[MARCA CHASIS],Operación!B7,ALSMG[TIPO BUS],Operación!F9)=0,"-",COUNTIFS(ALSMG[MARCA CHASIS],Operación!B7,ALSMG[TIPO BUS],Operación!F9)) -> 19 | F9: C2 | G9: =IF(COUNTIFS(ALCON[MARCA CHASIS],Operación!B7,ALCON[TIPO BUS],Operación!H9)=0,"-",COUNTIFS(ALCON[MARCA CHASIS],Operación!B7,ALCON[TIPO BUS],Operación!H9)) -> 7 | H9: C2 | I9: =IF(COUNTIFS(ALCC[MARCA CHASIS],Operación!B7,ALCC[TIPO BUS],Operación!J9)=0,"-",COUNTIFS(ALCC[MARCA CHASIS],Operación!B7,ALCC[TIPO BUS],Operación!J9)) -> - | J9: C2 | K9: =IF(COUNTIFS(OMJJA[MARCA CHASIS],Operación!B7,OMJJA[TIPO BUS],Operación!L9)=0,"-",COUNTIFS(OMJJA[MARCA CHASIS],Operación!B7,OMJJA[TIPO BUS],Operación!L9)) -> - | L9: C2 | M9: 10 | N9: C2 | P9: C2 | R9: C2 | S9: =SUM(C9,E9,G9,I9,K9,M9,O9,Q9) -> 55
B10: Yutong | C10: =IF(COUNTIFS(ALRET[MARCA CHASIS],Operación!B10,ALRET[TIPO BUS],Operación!D10)=0,"-",COUNTIFS(ALRET[MARCA CHASIS],Operación!B10,ALRET[TIPO BUS],Operación!D10)) -> - | D10: BE | E10: =IF(COUNTIFS(ALSMG[MARCA CHASIS],Operación!B10,ALSMG[TIPO BUS],Operación!F10)=0,"-",COUNTIFS(ALSMG[MARCA CHASIS],Operación!B10,ALSMG[TIPO BUS],Operación!F10)) -> - | F10: BE | G10: =IF(COUNTIFS(ALCON[MARCA CHASIS],Operación!B10,ALCON[TIPO BUS],Operación!H10)=0,"-",COUNTIFS(ALCON[MARCA CHASIS],Operación!B10,ALCON[TIPO BUS],Operación!H10)) -> - | H10: BE | I10: =IF(COUNTIFS(ALCC[MARCA CHASIS],Operación!B10,ALCC[TIPO BUS],Operación!J10)=0,"-",COUNTIFS(ALCC[MARCA CHASIS],Operación!B10,ALCC[TIPO BUS],Operación!J10)) -> - | J10: BE | K10: =IF(COUNTIFS(OMJJA[MARCA CHASIS],Operación!B10,OMJJA[TIPO BUS],Operación!L10)=0,"-",COUNTIFS(OMJJA[MARCA CHASIS],Operación!B10,OMJJA[TIPO BUS],Operación!L10)) -> - | L10: BE | N10: BE | O10: 25 | P10: BE | R10: BE | S10: =SUM(C10,E10,G10,I10,K10,M10,O10,Q10) -> 25
B11: Foton | C11: =IF(COUNTIFS(ALRET[MARCA CHASIS],Operación!B11,ALRET[TIPO BUS],Operación!D11)=0,"-",COUNTIFS(ALRET[MARCA CHASIS],Operación!B11,ALRET[TIPO BUS],Operación!D11)) -> - | D11: BE | E11: =IF(COUNTIFS(ALSMG[MARCA CHASIS],Operación!B11,ALSMG[TIPO BUS],Operación!F11)=0,"-",COUNTIFS(ALSMG[MARCA CHASIS],Operación!B11,ALSMG[TIPO BUS],Operación!F11)) -> - | F11: BE | G11: =IF(COUNTIFS(ALCON[MARCA CHASIS],Operación!B11,ALCON[TIPO BUS],Operación!H11)=0,"-",COUNTIFS(ALCON[MARCA CHASIS],Operación!B11,ALCON[TIPO BUS],Operación!H11)) -> 75 | H11: BE | I11: =IF(COUNTIFS(ALCC[MARCA CHASIS],Operación!B11,ALCC[TIPO BUS],Operación!J11)=0,"-",COUNTIFS(ALCC[MARCA CHASIS],Operación!B11,ALCC[TIPO BUS],Operación!J11)) -> - | J11: BE | K11: =IF(COUNTIFS(OMJJA[MARCA CHASIS],Operación!B11,OMJJA[TIPO BUS],Operación!L11)=0,"-",COUNTIFS(OMJJA[MARCA CHASIS],Operación!B11,OMJJA[TIPO BUS],Operación!L11)) -> - | L11: BE | M11: 91 | N11: BE | O11: 75 | P11: BE | Q11: 75 | R11: BE | S11: =SUM(C11,E11,G11,I11,K11,M11,O11,Q11) -> 316
B12: Flota Soporte | C12: =COUNTIFS(ALRET[MARCA CHASIS],Operación!B12,ALRET[TIPO BUS],Operación!D12) -> 0 | D12: BPAL | K12: =IF(COUNTIFS(OMJJA[MARCA CHASIS],Operación!B12,OMJJA[TIPO BUS],Operación!L12)=0,"-",COUNTIFS(OMJJA[MARCA CHASIS],Operación!B12,OMJJA[TIPO BUS],Operación!L12)) -> - | L12: BPAL | M12: 5 | N12: BPAL | O12: 4 | P12: BPAL
B14: Suma | C14: =SUM(C4:C11) -> 58 | E14: =SUM(E4:E11) -> 28 | G14: =SUM(G4:G11) -> 128 | I14: =SUM(I4:I11) -> 0 | K14: =SUM(K4:K11) -> 39 | M14: =SUM(M4:M11) -> 146 | O14: =SUM(O4:O11) -> 136 | Q14: =SUM(Q4:Q11) -> 116 | S14: =SUM(S4:S11) -> 618
B16: Total | C16: =SUM(C14:R14) -> 651
J19: mar | K19: 82
J20: feb | K20: 73
B23: Modificable
B25: Operación Terminales | C25: El Retiro | E25: Sta. Margarita | G25: Condell | I25: Coca - Cola | K25: A. Luco | M25: Pie Andino | O25: Juanita | Q25: Sta. Marta
B26: Scania | C26: =IF(COUNTIFS(ALRET[MARCA CHASIS],Operación!B26,ALRET[TIPO BUS],Operación!D26)=0,"-",COUNTIFS(ALRET[MARCA CHASIS],Operación!B26,ALRET[TIPO BUS],Operación!D26)) -> 28 | D26: B2 | E26: =IF(COUNTIFS(ALSMG[MARCA CHASIS],Operación!B26,ALSMG[TIPO BUS],Operación!F26)=0,"-",COUNTIFS(ALSMG[MARCA CHASIS],Operación!B26,ALSMG[TIPO BUS],Operación!F26)) -> 9 | F26: B2 | G26: =IF(COUNTIFS(ALCON[MARCA CHASIS],Operación!B26,ALCON[TIPO BUS],Operación!H26)=0,"-",COUNTIFS(ALCON[MARCA CHASIS],Operación!B26,ALCON[TIPO BUS],Operación!H26)) -> - | H26: B2 | I26: =IF(COUNTIFS(ALCC[MARCA CHASIS],Operación!B26,ALCC[TIPO BUS],Operación!J26)=0,"-",COUNTIFS(ALCC[MARCA CHASIS],Operación!B26,ALCC[TIPO BUS],Operación!J26)) -> - | J26: B2 | K26: =IF(COUNTIFS(OMJJA[MARCA CHASIS],Operación!B26,OMJJA[TIPO BUS],Operación!L26)=0,"-",COUNTIFS(OMJJA[MARCA CHASIS],Operación!B26,OMJJA[TIPO BUS],Operación!L26)) -> - | L26: B2 | N26: B2 | P26: B2 | R26: B2 | S26: =SUM(C26,E26,G26,I26,K26,M26,O26,Q26) -> 37
B27: Mercedes Benz | C27: =IF(COUNTIFS(ALRET[MARCA CHASIS],Operación!B27,ALRET[TIPO BUS],Operación!D27)=0,"-",COUNTIFS(ALRET[MARCA CHASIS],Operación!B27,ALRET[TIPO BUS],Operación!D27)) -> - | D27: B2 | E27: =IF(COUNTIFS(ALSMG[MARCA CHASIS],Operación!B27,ALSMG[TIPO BUS],Operación!F27)=0,"-",COUNTIFS(ALSMG[MARCA CHASIS],Operación!B27,ALSMG[TIPO BUS],Operación!F27)) -> - | F27: B2 | G27: =IF(COUNTIFS(ALCON[MARCA CHASIS],Operación!B27,ALCON[TIPO BUS],Operación!H27)=0,"-",COUNTIFS(ALCON[MARCA CHASIS],Operación!B27,ALCON[TIPO BUS],Operación!H27)) -> 12 | H27: B2 | I27: =IF(COUNTIFS(ALCC[MARCA CHASIS],Operación!B27,ALCC[TIPO BUS],Operación!J27)=0,"-",COUNTIFS(ALCC[MARCA CHASIS],Operación!B27,ALCC[TIPO BUS],Operación!J27)) -> - | J27: B2 | K27: =IF(COUNTIFS(OMJJA[MARCA CHASIS],Operación!B27,OMJJA[TIPO BUS],Operación!L27)=0,"-",COUNTIFS(OMJJA[MARCA CHASIS],Operación!B27,OMJJA[TIPO BUS],Operación!L27)) -> - | L27: B2 | M27: 28 | N27: B2 | O27: 36 | P27: B2 | R27: B2 | S27: =SUM(C27,E27,G27,I27,K27,M27,O27,Q27) -> 76
C28: =IF(COUNTIFS(ALRET[MARCA CHASIS],Operación!B27,ALRET[TIPO BUS],Operación!D28)=0,"-",COUNTIFS(ALRET[MARCA CHASIS],Operación!B27,ALRET[TIPO BUS],Operación!D28)) -> - | D28: C2 | E28: =IF(COUNTIFS(ALSMG[MARCA CHASIS],Operación!B27,ALSMG[TIPO BUS],Operación!F28)=0,"-",COUNTIFS(ALSMG[MARCA CHASIS],Operación!B27,ALSMG[TIPO BUS],Operación!F28)) -> - | F28: C2 | G28: =IF(COUNTIFS(ALCON[MARCA CHASIS],Operación!B27,ALCON[TIPO BUS],Operación!H28)=0,"-",COUNTIFS(ALCON[MARCA CHASIS],Operación!B27,ALCON[TIPO BUS],Operación!H28)) -> 24 | H28: C2 | I28: =IF(COUNTIFS(ALCC[MARCA CHASIS],Operación!B27,ALCC[TIPO BUS],Operación!J28)=0,"-",COUNTIFS(ALCC[MARCA CHASIS],Operación!B27,ALCC[TIPO BUS],Operación!J28)) -> - | J28: C2 | K28: =IF(COUNTIFS(OMJJA[MARCA CHASIS],Operación!B27,OMJJA[TIPO BUS],Operación!L28)=0,"-",COUNTIFS(OMJJA[MARCA CHASIS],Operación!B27,OMJJA[TIPO BUS],Operación!L28)) -> - | L28: C2 | N28: C2 | P28: C2 | Q28: 25 | R28: C2 | S28: =SUM(C28,E28,G28,I28,K28,M28,O28,Q28) -> 49
B29: Volvo | C29: =IF(COUNTIFS(ALRET[MARCA CHASIS],Operación!B29,ALRET[TIPO BUS],Operación!D29)=0,"-",COUNTIFS(ALRET[MARCA CHASIS],Operación!B29,ALRET[TIPO BUS],Operación!D29)) -> 11 | D29: A2 | E29: =IF(COUNTIFS(ALSMG[MARCA CHASIS],Operación!B29,ALSMG[TIPO BUS],Operación!F29)=0,"-",COUNTIFS(ALSMG[MARCA CHASIS],Operación!B29,ALSMG[TIPO BUS],Operación!F29)) -> - | F29: A2 | G29: =IF(COUNTIFS(ALCON[MARCA CHASIS],Operación!B29,ALCON[TIPO BUS],Operación!H29)=0,"-",COUNTIFS(ALCON[MARCA CHASIS],Operación!B29,ALCON[TIPO BUS],Operación!H29)) -> 10 | H29: A2 | I29: =IF(COUNTIFS(ALCC[MARCA CHASIS],Operación!B29,ALCC[TIPO BUS],Operación!J29)=0,"-",COUNTIFS(ALCC[MARCA CHASIS],Operación!B29,ALCC[TIPO BUS],Operación!J29)) -> - | J29: A2 | K29: =IF(COUNTIFS(OMJJA[MARCA CHASIS],Operación!B29,OMJJA[TIPO BUS],Operación!L29)=0,"-",COUNTIFS(OMJJA[MARCA CHASIS],Operación!B29,OMJJA[TIPO BUS],Operación!L29)) -> 6 | L29: A2 | M29: 17 | N29: A2 | P29: A2 | Q29: 16 | R29: A2 | S29: =SUM(C29,E29,G29,I29,K29,M29,O29,Q29) -> 60
C30: =IF(COUNTIFS(ALRET[MARCA CHASIS],Operación!B29,ALRET[TIPO BUS],Operación!D30)=0,"-",COUNTIFS(ALRET[MARCA CHASIS],Operación!B29,ALRET[TIPO BUS],Operación!D30)) -> - | D30: B2 | E30: =IF(COUNTIFS(ALSMG[MARCA CHASIS],Operación!B29,ALSMG[TIPO BUS],Operación!F30)=0,"-",COUNTIFS(ALSMG[MARCA CHASIS],Operación!B29,ALSMG[TIPO BUS],Operación!F30)) -> - | F30: B2 | G30: =IF(COUNTIFS(ALCON[MARCA CHASIS],Operación!B29,ALCON[TIPO BUS],Operación!H30)=0,"-",COUNTIFS(ALCON[MARCA CHASIS],Operación!B29,ALCON[TIPO BUS],Operación!H30)) -> - | H30: B2 | I30: =IF(COUNTIFS(ALCC[MARCA CHASIS],Operación!B30,ALCC[TIPO BUS],Operación!J30)=0,"-",COUNTIFS(ALCC[MARCA CHASIS],Operación!B30,ALCC[TIPO BUS],Operación!J30)) -> - | J30: B2 | K30: =IF(COUNTIFS(OMJJA[MARCA CHASIS],Operación!B29,OMJJA[TIPO BUS],Operación!L30)=0,"-",COUNTIFS(OMJJA[MARCA CHASIS],Operación!B29,OMJJA[TIPO BUS],Operación!L30)) -> 33 | L30: B2 | N30: B2 | P30: B2 | R30: B2
C31: =IF(COUNTIFS(ALRET[MARCA CHASIS],Operación!B29,ALRET[TIPO BUS],Operación!D31)=0,"-",COUNTIFS(ALRET[MARCA CHASIS],Operación!B29,ALRET[TIPO BUS],Operación!D31)) -> 19 | D31: C2 | E31: =IF(COUNTIFS(ALSMG[MARCA CHASIS],Operación!B29,ALSMG[TIPO BUS],Operación!F31)=0,"-",COUNTIFS(ALSMG[MARCA CHASIS],Operación!B29,ALSMG[TIPO BUS],Operación!F31)) -> 19 | F31: C2 | G31: =IF(COUNTIFS(ALCON[MARCA CHASIS],Operación!B29,ALCON[TIPO BUS],Operación!H31)=0,"-",COUNTIFS(ALCON[MARCA CHASIS],Operación!B29,ALCON[TIPO BUS],Operación!H31)) -> 7 | H31: C2 | I31: =IF(COUNTIFS(ALCC[MARCA CHASIS],Operación!B29,ALCC[TIPO BUS],Operación!J31)=0,"-",COUNTIFS(ALCC[MARCA CHASIS],Operación!B29,ALCC[TIPO BUS],Operación!J31)) -> - | J31: C2 | K31: =IF(COUNTIFS(OMJJA[MARCA CHASIS],Operación!B29,OMJJA[TIPO BUS],Operación!L31)=0,"-",COUNTIFS(OMJJA[MARCA CHASIS],Operación!B29,OMJJA[TIPO BUS],Operación!L31)) -> - | L31: C2 | M31: 10 | N31: C2 | P31: C2 | R31: C2 | S31: =SUM(C31,E31,G31,I31,K31,M31,O31,Q31) -> 55
B32: Yutong | C32: =IF(COUNTIFS(ALRET[MARCA CHASIS],Operación!B32,ALRET[TIPO BUS],Operación!D32)=0,"-",COUNTIFS(ALRET[MARCA CHASIS],Operación!B32,ALRET[TIPO BUS],Operación!D32)) -> - | D32: BE | E32: =IF(COUNTIFS(ALSMG[MARCA CHASIS],Operación!B32,ALSMG[TIPO BUS],Operación!F32)=0,"-",COUNTIFS(ALSMG[MARCA CHASIS],Operación!B32,ALSMG[TIPO BUS],Operación!F32)) -> - | F32: BE | G32: =IF(COUNTIFS(ALCON[MARCA CHASIS],Operación!B32,ALCON[TIPO BUS],Operación!H32)=0,"-",COUNTIFS(ALCON[MARCA CHASIS],Operación!B32,ALCON[TIPO BUS],Operación!H32)) -> - | H32: BE | I32: =IF(COUNTIFS(ALCC[MARCA CHASIS],Operación!B32,ALCC[TIPO BUS],Operación!J32)=0,"-",COUNTIFS(ALCC[MARCA CHASIS],Operación!B32,ALCC[TIPO BUS],Operación!J32)) -> - | J32: BE | K32: =IF(COUNTIFS(OMJJA[MARCA CHASIS],Operación!B32,OMJJA[TIPO BUS],Operación!L32)=0,"-",COUNTIFS(OMJJA[MARCA CHASIS],Operación!B32,OMJJA[TIPO BUS],Operación!L32)) -> - | L32: BE | N32: BE | O32: 25 | P32: BE | R32: BE | S32: =SUM(C32,E32,G32,I32,K32,M32,O32,Q32) -> 25
B33: Foton | C33: =IF(COUNTIFS(ALRET[MARCA CHASIS],Operación!B33,ALRET[TIPO BUS],Operación!D33)=0,"-",COUNTIFS(ALRET[MARCA CHASIS],Operación!B33,ALRET[TIPO BUS],Operación!D33)) -> - | D33: BE | E33: =IF(COUNTIFS(ALSMG[MARCA CHASIS],Operación!B33,ALSMG[TIPO BUS],Operación!F33)=0,"-",COUNTIFS(ALSMG[MARCA CHASIS],Operación!B33,ALSMG[TIPO BUS],Operación!F33)) -> - | F33: BE | G33: =IF(COUNTIFS(ALCON[MARCA CHASIS],Operación!B33,ALCON[TIPO BUS],Operación!H33)=0,"-",COUNTIFS(ALCON[MARCA CHASIS],Operación!B33,ALCON[TIPO BUS],Operación!H33)) -> 75 | H33: BE | I33: =IF(COUNTIFS(ALCC[MARCA CHASIS],Operación!B33,ALCC[TIPO BUS],Operación!J33)=0,"-",COUNTIFS(ALCC[MARCA CHASIS],Operación!B33,ALCC[TIPO BUS],Operación!J33)) -> - | J33: BE | K33: =IF(COUNTIFS(OMJJA[MARCA CHASIS],Operación!B33,OMJJA[TIPO BUS],Operación!L33)=0,"-",COUNTIFS(OMJJA[MARCA CHASIS],Operación!B33,OMJJA[TIPO BUS],Operación!L33)) -> - | L33: BE | M33: 91 | N33: BE | O33: 75 | P33: BE | Q33: 75 | R33: BE | S33: =SUM(C33,E33,G33,I33,K33,M33,O33,Q33) -> 316
B34: Flota Soporte | C34: =COUNTIFS(ALRET[MARCA CHASIS],Operación!B34,ALRET[TIPO BUS],Operación!D34) -> 0 | D34: BPAL | K34: =IF(COUNTIFS(OMJJA[MARCA CHASIS],Operación!B34,OMJJA[TIPO BUS],Operación!L34)=0,"-",COUNTIFS(OMJJA[MARCA CHASIS],Operación!B34,OMJJA[TIPO BUS],Operación!L34)) -> - | L34: BPAL | M34: 5 | N34: BPAL | O34: 4 | P34: BPAL
B36: Suma | C36: =SUM(C26:C33) -> 58 | E36: =SUM(E26:E33) -> 28 | G36: =SUM(G26:G33) -> 128 | I36: =SUM(I26:I33) -> 0 | K36: =SUM(K29:K33) -> 39 | M36: =SUM(M26:M33) -> 146 | O36: =SUM(O26:O33) -> 136 | Q36: =SUM(Q26:Q33) -> 116 | S36: =SUM(S26:S33) -> 618
B38: Total | C38: =SUM(C36:R36) -> 651
